timeframe,horizon,threshold,voladj,%BUY,%HOLD,%SELL,%TRADE,entropy,persist_lag1,SNR,MI,score_entropy,score_density,score_snr,score_persist,score_mi,composite_score
4h,1,0.25,voladj,36.1,30.1,33.7,69.9,1.581,-0.075,0.0188,0.6466,0.9983633386254722,0.9432485322877824,0.2936288080508897,0.8953323903966998,0.9047330094342433,0.8117427322185788
4h,6,0.25,voladj,38.2,27.2,34.6,72.8,1.571,0.691,0.0443,0.678,0.981996726516858,0.999999999998043,0.9999999972299168,0.024045261807065788,0.9999999996966019,0.8003082333907099
2h,1,0.25,voladj,36.2,29.4,34.5,70.6,1.579,-0.078,0.0129,0.6508,0.9950900162037494,0.9569471624247416,0.13019390545652657,0.8910891089262958,0.9174757278769794,0.782039898593997
4h,5,0.25,voladj,37.4,28.3,34.3,71.7,1.575,0.656,0.0405,0.6649,0.9885433713603037,0.9784735812113925,0.8947368396267678,0.07355021229511305,0.9602548540775926,0.7805261975783696
4h,2,0.25,voladj,36.4,30.0,33.7,70.0,1.58,0.345,0.0265,0.6487,0.996726677414611,0.945205479450205,0.5069252063520077,0.5134370580603342,0.9111043686556115,0.7789608734245038
4h,4,0.25,voladj,37.4,28.3,34.3,71.7,1.575,0.599,0.0364,0.6648,0.9885433713603037,0.9784735812113925,0.7811634327391596,0.15417256023279025,0.9599514560194319,0.7738904760796592
4h,3,0.25,voladj,36.7,29.1,34.2,70.9,1.578,0.511,0.032,0.655,0.9934533549928881,0.9628180039120102,0.659279776567092,0.27864215003130943,0.9302184463197152,0.7680440917982617
1h,1,0.25,voladj,36.6,28.2,35.1,71.8,1.576,-0.065,0.0082,0.6597,0.9901800325711653,0.9804305283738152,0.0,0.9094766619647133,0.9444781550532527,0.767198169468485
2h,2,0.25,voladj,35.8,30.4,33.7,69.6,1.582,0.338,0.0184,0.6433,0.9999999998363339,0.9373776908005138,0.28254847567161084,0.5233380481579437,0.894720873514951,0.7328609739123398
2h,3,0.25,voladj,36.1,30.1,33.8,69.9,1.581,0.489,0.0226,0.646,0.9983633386254722,0.9432485322877824,0.3988919656540388,0.30975954748093926,0.9029126210852813,0.7154077369037124
2h,6,0.25,voladj,36.8,29.1,34.1,70.9,1.578,0.684,0.0311,0.655,0.9934533549928881,0.9628180039120102,0.6343490287137145,0.03394625190467515,0.9302184463197152,0.7141187626022593
2h,5,0.25,voladj,36.5,29.5,34.0,70.5,1.579,0.636,0.0286,0.6513,0.9950900162037494,0.954990215262319,0.5650969513432218,0.10183875543114018,0.9189927181677812,0.7110065961834406
2h,4,0.25,voladj,36.1,30.1,33.7,69.9,1.581,0.58,0.0258,0.6462,0.9983633386254722,0.9432485322877824,0.48753462468826964,0.1810466762120161,0.903519417201602,0.707484713874222
1h,2,0.25,voladj,36.6,28.7,34.8,71.3,1.577,0.343,0.0119,0.6565,0.9918166937820265,0.9706457925617012,0.10249307450832944,0.5162659123739368,0.9347694171921207,0.7060505419131182
4h,1,0.5,voladj,24.6,52.6,22.9,47.4,1.472,-0.037,0.0188,0.631,0.8199672666415764,0.5029354207426557,0.2936288080508897,0.9490806223551512,0.8574029123612247,0.6827312237443172
1h,3,0.25,voladj,36.5,29.0,34.5,71.0,1.578,0.497,0.0146,0.6544,0.9934533549928881,0.9647749510744329,0.1772853180684617,0.2984441302265284,0.9283980579707528,0.6757239273177196
4h,6,0.5,voladj,27.7,47.3,24.9,52.7,1.524,0.708,0.0443,0.608,0.9050736496063708,0.6066536203510634,0.9999999972299168,1.4144274640415233e-10,0.787621358984338,0.6657423397937281
1h,4,0.25,voladj,36.2,29.6,34.2,70.4,1.58,0.587,0.0167,0.6495,0.996726677414611,0.9530332680998963,0.23545706305967568,0.17114568611440661,0.9135315531208943,0.6581386057765827
1h,5,0.25,voladj,36.4,29.6,34.0,70.4,1.58,0.632,0.0186,0.6503,0.996726677414611,0.9530332680998963,0.2880886418612502,0.10749646405834556,0.9159587375861774,0.6562991547954777
1h,6,0.25,voladj,36.5,29.4,34.1,70.6,1.579,0.675,0.0204,0.6516,0.9950900162037494,0.9569471624247416,0.3379501375680052,0.04667609631588732,0.9199029123422622,0.6550726201640035
4h,5,0.5,voladj,27.5,47.8,24.7,52.2,1.52,0.673,0.0405,0.6093,0.8985270047629251,0.5968688845389495,0.8947368396267678,0.04950495062949001,0.7915655337404228,0.6515887162108361
2h,1,0.5,voladj,24.4,52.2,23.3,47.8,1.476,-0.047,0.0129,0.6281,0.8265139114850222,0.5107632093923469,0.13019390545652657,0.9349363507871378,0.8486043686745738,0.6490978262996439
4h,4,0.5,voladj,26.9,49.0,24.1,51.0,1.509,0.623,0.0364,0.6135,0.8805237314434492,0.573385518589876,0.7811634327391596,0.12022630846955773,0.8043082521831589,0.6357322226480548
4h,2,0.5,voladj,25.4,51.8,22.8,48.2,1.48,0.374,0.0265,0.6277,0.8330605563284679,0.5185909980420381,0.5069252063520077,0.47241867051309494,0.8473907764419324,0.634960730529835
1h,1,0.5,voladj,24.9,51.2,23.9,48.8,1.487,-0.043,0.0082,0.6217,0.8445171848044981,0.5303326810165747,0.0,0.9405940594143432,0.8291868929523097,0.6296926782301545
4h,3,0.5,voladj,26.1,50.5,23.4,49.5,1.494,0.53,0.032,0.6204,0.8559738132805279,0.5440313111535342,0.659279776567092,0.2517680340520837,0.8252427181962246,0.6287956854041077
2h,2,0.5,voladj,24.5,52.7,22.8,47.3,1.47,0.368,0.0184,0.6325,0.8166939442198535,0.500978473580233,0.28254847567161084,0.480905233453903,0.8619538832336302,0.5863530050811573
2h,6,0.5,voladj,26.1,49.9,23.9,50.1,1.5,0.693,0.0311,0.6168,0.8657937805456964,0.555772994128071,0.6343490287137145,0.021216407493463096,0.8143203881024512,0.5808641894188415
2h,5,0.5,voladj,25.9,50.7,23.4,49.3,1.492,0.655,0.0286,0.6214,0.8527004908588051,0.5401174168286886,0.5650969513432218,0.07496463945191445,0.8282766987778284,0.5734524290561405
2h,3,0.5,voladj,25.1,52.2,22.8,47.8,1.476,0.514,0.0226,0.6299,0.8265139114850222,0.5107632093923469,0.3988919656540388,0.27439886856090534,0.8540655337214607,0.5715491166509329
2h,4,0.5,voladj,25.3,51.4,23.3,48.6,1.485,0.597,0.0258,0.6244,0.8412438623827752,0.5264187866917293,0.48753462468826964,0.15700141454639305,0.8373786405226397,0.5701087268593682
4h,6,0.75,voladj,20.1,62.1,17.8,37.9,1.335,0.699,0.0443,0.6702,0.5957446807535605,0.31702544031249114,0.9999999972299168,0.012729844552654912,0.9763349511600924,0.5613374692814166
1h,2,0.5,voladj,24.8,51.6,23.6,48.4,1.483,0.366,0.0119,0.6243,0.8379705399610523,0.5225048923668836,0.10249307450832944,0.4837340877675058,0.8370752424644794,0.5568003322884787
4h,5,0.75,voladj,19.8,62.7,17.5,37.3,1.324,0.662,0.0405,0.659,0.577741407434085,0.30528375733795443,0.8947368396267678,0.06506364935430486,0.9423543686461303,0.5388053564192463
1h,3,0.5,voladj,25.1,51.4,23.5,48.6,1.485,0.514,0.0146,0.6235,0.8412438623827752,0.5264187866917293,0.1772853180684617,0.27439886856090534,0.8346480579991966,0.5311287689597926
1h,4,0.5,voladj,25.2,51.4,23.4,48.6,1.485,0.595,0.0167,0.6242,0.8412438623827752,0.5264187866917293,0.23545706305967568,0.15983026885999574,0.836771844406319,0.5201679659789218
1h,6,0.5,voladj,25.4,51.0,23.5,49.0,1.489,0.683,0.0204,0.6222,0.847790507226221,0.5342465753414203,0.3379501375680052,0.03536067906147644,0.8307038832431115,0.5180646876872024
1h,5,0.5,voladj,25.3,51.1,23.7,48.9,1.488,0.646,0.0186,0.6218,0.8461538460153594,0.5322896281789975,0.2880886418612502,0.08769448386312662,0.8294902910104701,0.5175765559360852
4h,4,0.75,voladj,19.1,63.9,17.1,36.1,1.305,0.614,0.0364,0.6257,0.5466448444277175,0.2818003913888811,0.7811634327391596,0.13295615288077,0.8413228152787249,0.5020436288005002
4h,1,0.75,voladj,16.8,67.5,15.7,32.5,1.235,-0.007,0.0188,0.5406,0.4320785596674177,0.2113502935416608,0.2936288080508897,0.9915134370591919,0.5831310677842441,0.49478780781483955
4h,3,0.75,voladj,18.4,64.8,16.8,35.2,1.288,0.534,0.032,0.6013,0.5188216038430734,0.264187866927076,0.659279776567092,0.2461103254248782,0.7672936890875927,0.4787150481077164
4h,2,0.75,voladj,17.6,66.4,16.0,33.6,1.257,0.395,0.0265,0.5643,0.46808510630636885,0.23287671232831145,0.5069252063520077,0.4427157002202665,0.6550364075682535,0.45178026149194733
2h,1,0.75,voladj,16.3,68.0,15.7,32.0,1.223,-0.021,0.0129,0.5275,0.4124386251370805,0.20156555772954687,0.13019390545652657,0.9717114568639729,0.5433859221652347,0.4453117286190646
2h,6,0.75,voladj,18.4,64.5,17.1,35.5,1.294,0.685,0.0311,0.6066,0.528641571108242,0.2700587084143443,0.6343490287137145,0.03253182474787375,0.7833737861700929,0.43705437307776096
1h,1,0.75,voladj,16.7,67.4,15.9,32.6,1.236,-0.019,0.0082,0.5402,0.43371522087827896,0.2133072407040836,0.0,0.9745403111775757,0.5819174755516027,0.43328593692864203
2h,5,0.75,voladj,18.0,65.3,16.7,34.7,1.278,0.651,0.0286,0.5863,0.5024549917344591,0.2544031311149621,0.5650969513432218,0.08062234807911983,0.7217839803635364,0.41390583109560597
2h,4,0.75,voladj,17.7,66.1,16.2,33.9,1.263,0.594,0.0258,0.5697,0.47790507357153744,0.23874755381557974,0.48753462468826964,0.16124469601679703,0.6714199027089137,0.3976946287033507
2h,2,0.75,voladj,16.8,67.5,15.7,32.5,1.235,0.371,0.0184,0.5394,0.4320785596674177,0.2113502935416608,0.28254847567161084,0.47666195198349903,0.5794902910863196,0.38905532781915647
2h,3,0.75,voladj,17.4,66.8,15.8,33.2,1.248,0.515,0.0226,0.5543,0.45335515540861615,0.22504892367862034,0.3988919656540388,0.27298444140410394,0.6246966017522158,0.386428345262339
1h,2,0.75,voladj,16.9,67.1,16.0,32.9,1.243,0.37,0.0119,0.5474,0.44517184935430915,0.2191780821913519,0.10249307450832944,0.4780763791403003,0.6037621357391497,0.3618067898674461
1h,6,0.75,voladj,18.0,65.5,16.5,34.5,1.274,0.678,0.0204,0.5822,0.4959083468910134,0.2504892367901165,0.3379501375680052,0.042432814845483224,0.709344659978961,0.3565532235603185
1h,5,0.75,voladj,17.6,65.9,16.5,34.1,1.267,0.643,0.0186,0.5737,0.48445171841498313,0.24266144814042537,0.2880886418612502,0.09193776533353071,0.6835558250353287,0.34818387442608634
1h,3,0.75,voladj,17.1,66.8,16.1,33.2,1.248,0.508,0.0146,0.5525,0.45335515540861615,0.22504892367862034,0.1772853180684617,0.2828854315017135,0.619235436705329,0.3432680390077125
1h,4,0.75,voladj,17.4,66.3,16.3,33.7,1.258,0.59,0.0167,0.5631,0.46972176751723044,0.23483365949073426,0.23545706305967568,0.16690240464400252,0.651395630870329,0.34257841194873945
4h,6,1.0,voladj,14.7,72.8,12.5,27.2,1.116,0.689,0.0443,0.4421,0.23731587557490755,0.10763209393325318,0.9999999972299168,0.02687411612066848,0.284283980496273,0.3288728074249356
4h,5,1.0,voladj,14.2,73.3,12.4,26.7,1.102,0.65,0.0405,0.4317,0.2144026186228475,0.09784735812113925,0.8947368396267678,0.08203677523592123,0.2527305824475938,0.3064344366196166
4h,4,1.0,voladj,13.9,74.0,12.1,26.0,1.085,0.602,0.0364,0.4201,0.186579378038203,0.08414872798417977,0.7811634327391596,0.14992927876238626,0.2175364077009901,0.2823235935618444
4h,1,1.0,voladj,11.6,77.5,10.9,22.5,0.995,0.011,0.0188,0.3623,0.039279869060674356,0.015655577299382294,0.2936288080508897,0.9858557284319864,0.042172330084292435,0.27517383953426416
4h,3,1.0,voladj,13.2,75.0,11.8,25.0,1.061,0.529,0.032,0.4029,0.14729950897752864,0.06457925635995192,0.659279776567092,0.253182461208885,0.1653519416974053,0.2570359673261787
4h,2,1.0,voladj,12.3,76.2,11.5,23.8,1.029,0.391,0.0265,0.3826,0.09492635022996285,0.041095890410878515,0.5069252063520077,0.4483734088474719,0.10376213589084887,0.23857480906318967
2h,1,1.0,voladj,11.1,78.3,10.6,21.7,0.971,-0.007,0.0129,0.3484,0.0,0.0,0.13019390545652657,0.9915134370591919,0.0,0.2243414685031437
2h,6,1.0,voladj,13.2,74.6,12.2,25.4,1.071,0.68,0.0311,0.4089,0.16366612108614295,0.07240704500964303,0.6343490287137145,0.03960396053188053,0.18355582518702793,0.21772191090063753
1h,1,1.0,voladj,11.4,77.8,10.8,22.2,0.986,-0.001,0.0082,0.3565,0.024549918162921472,0.009784735812113926,0.0,1.0,0.024575242710990503,0.21178071310980176
2h,5,1.0,voladj,12.8,75.1,12.1,24.9,1.06,0.644,0.0286,0.4014,0.1456628477666674,0.0626223091975291,0.5650969513432218,0.0905233381767293,0.16080097082499964,0.20418437730891284
2h,4,1.0,voladj,12.5,75.7,11.8,24.3,1.043,0.591,0.0258,0.3911,0.11783960718202288,0.050880626222992435,0.48753462468826964,0.16548797748720112,0.12955097083448092,0.1896731931003705
2h,3,1.0,voladj,12.2,76.3,11.5,23.7,1.027,0.512,0.0226,0.381,0.09165302780823997,0.0391389432484557,0.3988919656540388,0.27722772287450803,0.09890776696028288,0.18080114835150293
2h,2,1.0,voladj,11.7,77.2,11.1,22.8,1.001,0.373,0.0184,0.3655,0.04909983632584276,0.021526418786650663,0.28254847567161084,0.47383309766989634,0.051881067945424436,0.17563871769890593
1h,6,1.0,voladj,12.6,75.4,12.0,24.6,1.051,0.673,0.0204,0.3955,0.13093289686891432,0.05675146771026081,0.3379501375680052,0.04950495062949001,0.14290048539353753,0.14300960820781042
1h,2,1.0,voladj,11.6,77.2,11.2,22.8,1.002,0.37,0.0119,0.366,0.050736497536704374,0.021526418786650663,0.10249307450832944,0.4780763791403003,0.05339805823622632,0.14111300760666612
1h,5,1.0,voladj,12.5,75.7,11.8,24.3,1.043,0.635,0.0186,0.3908,0.11783960718202288,0.050880626222992435,0.2880886418612502,0.10325318258794147,0.1286407766599997,0.1372005084289425
1h,4,1.0,voladj,12.2,76.2,11.6,23.8,1.03,0.584,0.0167,0.3823,0.09656301144082445,0.041095890410878515,0.23545706305967568,0.1753889675848106,0.10285194171636768,0.12995692832873423
1h,3,1.0,voladj,11.8,76.9,11.3,23.1,1.01,0.501,0.0146,0.3707,0.06382978722359582,0.027397260273919033,0.1772853180684617,0.292786421599323,0.06765776696976397,0.12559991183970431
