timeframe,config,regime,%TRADE,%BUY,%SELL
1h,h1_t0.25_voladj,bull,71.9,35.8,36.0
1h,h1_t0.25_voladj,bear,72.8,38.1,34.7
1h,h1_t0.25_voladj,sideways,70.6,36.0,34.6
1h,h1_t0.25_voladj,crisis,73.7,38.1,35.6
1h,h1_t0.25_raw,bull,0.0,0.0,0.0
1h,h1_t0.25_raw,bear,0.0,0.0,0.0
1h,h1_t0.25_raw,sideways,0.0,0.0,0.0
1h,h1_t0.25_raw,crisis,0.0,0.0,0.0
1h,h1_t0.5_voladj,bull,49.1,24.5,24.6
1h,h1_t0.5_voladj,bear,50.2,26.0,24.2
1h,h1_t0.5_voladj,sideways,47.1,23.9,23.1
1h,h1_t0.5_voladj,crisis,51.4,27.4,24.0
1h,h1_t0.5_raw,bull,0.0,0.0,0.0
1h,h1_t0.5_raw,bear,0.0,0.0,0.0
1h,h1_t0.5_raw,sideways,0.0,0.0,0.0
1h,h1_t0.5_raw,crisis,0.0,0.0,0.0
1h,h1_t0.75_voladj,bull,32.3,16.6,15.8
1h,h1_t0.75_voladj,bear,35.0,17.7,17.3
1h,h1_t0.75_voladj,sideways,30.8,15.7,15.1
1h,h1_t0.75_voladj,crisis,34.7,18.4,16.2
1h,h1_t0.75_raw,bull,0.0,0.0,0.0
1h,h1_t0.75_raw,bear,0.0,0.0,0.0
1h,h1_t0.75_raw,sideways,0.0,0.0,0.0
1h,h1_t0.75_raw,crisis,0.0,0.0,0.0
1h,h1_t1.0_voladj,bull,21.9,11.6,10.3
1h,h1_t1.0_voladj,bear,24.5,12.1,12.4
1h,h1_t1.0_voladj,sideways,20.8,10.5,10.3
1h,h1_t1.0_voladj,crisis,23.1,12.4,10.8
1h,h1_t1.0_raw,bull,0.0,0.0,0.0
1h,h1_t1.0_raw,bear,0.0,0.0,0.0
1h,h1_t1.0_raw,sideways,0.0,0.0,0.0
1h,h1_t1.0_raw,crisis,0.0,0.0,0.0
1h,h2_t0.25_voladj,bull,71.5,35.5,36.0
1h,h2_t0.25_voladj,bear,72.7,38.3,34.4
1h,h2_t0.25_voladj,sideways,70.0,35.9,34.0
1h,h2_t0.25_voladj,crisis,73.1,38.4,34.7
1h,h2_t0.25_raw,bull,0.0,0.0,0.0
1h,h2_t0.25_raw,bear,0.0,0.0,0.0
1h,h2_t0.25_raw,sideways,0.0,0.0,0.0
1h,h2_t0.25_raw,crisis,0.0,0.0,0.0
1h,h2_t0.5_voladj,bull,48.3,24.2,24.1
1h,h2_t0.5_voladj,bear,50.1,26.0,24.0
1h,h2_t0.5_voladj,sideways,47.1,24.2,22.9
1h,h2_t0.5_voladj,crisis,50.1,26.5,23.6
1h,h2_t0.5_raw,bull,0.0,0.0,0.0
1h,h2_t0.5_raw,bear,0.0,0.0,0.0
1h,h2_t0.5_raw,sideways,0.0,0.0,0.0
1h,h2_t0.5_raw,crisis,0.0,0.0,0.0
1h,h2_t0.75_voladj,bull,32.7,16.9,15.8
1h,h2_t0.75_voladj,bear,35.0,17.8,17.2
1h,h2_t0.75_voladj,sideways,31.6,16.1,15.5
1h,h2_t0.75_voladj,crisis,34.0,18.0,16.0
1h,h2_t0.75_raw,bull,0.0,0.0,0.0
1h,h2_t0.75_raw,bear,0.0,0.0,0.0
1h,h2_t0.75_raw,sideways,0.0,0.0,0.0
1h,h2_t0.75_raw,crisis,0.0,0.0,0.0
1h,h2_t1.0_voladj,bull,22.4,12.0,10.4
1h,h2_t1.0_voladj,bear,25.2,12.2,13.0
1h,h2_t1.0_voladj,sideways,21.5,10.8,10.7
1h,h2_t1.0_voladj,crisis,23.6,12.6,11.0
1h,h2_t1.0_raw,bull,0.0,0.0,0.0
1h,h2_t1.0_raw,bear,0.0,0.0,0.0
1h,h2_t1.0_raw,sideways,0.0,0.0,0.0
1h,h2_t1.0_raw,crisis,0.0,0.0,0.0
1h,h3_t0.25_voladj,bull,70.9,35.1,35.8
1h,h3_t0.25_voladj,bear,71.8,38.4,33.4
1h,h3_t0.25_voladj,sideways,70.3,36.0,34.3
1h,h3_t0.25_voladj,crisis,72.6,38.8,33.8
1h,h3_t0.25_raw,bull,0.0,0.0,0.0
1h,h3_t0.25_raw,bear,0.0,0.0,0.0
1h,h3_t0.25_raw,sideways,0.0,0.0,0.0
1h,h3_t0.25_raw,crisis,0.0,0.0,0.0
1h,h3_t0.5_voladj,bull,48.3,24.4,23.9
1h,h3_t0.5_voladj,bear,50.2,26.3,23.9
1h,h3_t0.5_voladj,sideways,47.3,24.2,23.1
1h,h3_t0.5_voladj,crisis,50.8,27.5,23.3
1h,h3_t0.5_raw,bull,0.0,0.0,0.0
1h,h3_t0.5_raw,bear,0.0,0.0,0.0
1h,h3_t0.5_raw,sideways,0.0,0.0,0.0
1h,h3_t0.5_raw,crisis,0.0,0.0,0.0
1h,h3_t0.75_voladj,bull,32.7,17.2,15.5
1h,h3_t0.75_voladj,bear,35.4,17.8,17.6
1h,h3_t0.75_voladj,sideways,31.9,16.2,15.7
1h,h3_t0.75_voladj,crisis,34.4,18.5,15.9
1h,h3_t0.75_raw,bull,0.0,0.0,0.0
1h,h3_t0.75_raw,bear,0.0,0.0,0.0
1h,h3_t0.75_raw,sideways,0.0,0.0,0.0
1h,h3_t0.75_raw,crisis,0.0,0.0,0.0
1h,h3_t1.0_voladj,bull,22.8,12.4,10.3
1h,h3_t1.0_voladj,bear,25.2,12.0,13.3
1h,h3_t1.0_voladj,sideways,22.0,11.1,11.0
1h,h3_t1.0_voladj,crisis,23.0,12.2,10.8
1h,h3_t1.0_raw,bull,0.0,0.0,0.0
1h,h3_t1.0_raw,bear,0.0,0.0,0.0
1h,h3_t1.0_raw,sideways,0.0,0.0,0.0
1h,h3_t1.0_raw,crisis,0.0,0.0,0.0
1h,h4_t0.25_voladj,bull,70.4,34.9,35.5
1h,h4_t0.25_voladj,bear,71.1,38.1,33.0
1h,h4_t0.25_voladj,sideways,69.6,35.5,34.1
1h,h4_t0.25_voladj,crisis,72.1,38.4,33.6
1h,h4_t0.25_raw,bull,0.0,0.0,0.0
1h,h4_t0.25_raw,bear,0.0,0.0,0.0
1h,h4_t0.25_raw,sideways,0.0,0.0,0.0
1h,h4_t0.25_raw,crisis,0.0,0.0,0.0
1h,h4_t0.5_voladj,bull,48.2,24.5,23.7
1h,h4_t0.5_voladj,bear,50.7,26.8,23.9
1h,h4_t0.5_voladj,sideways,47.1,24.1,23.0
1h,h4_t0.5_voladj,crisis,50.2,27.5,22.7
1h,h4_t0.5_raw,bull,0.0,0.0,0.0
1h,h4_t0.5_raw,bear,0.0,0.0,0.0
1h,h4_t0.5_raw,sideways,0.0,0.0,0.0
1h,h4_t0.5_raw,crisis,0.0,0.0,0.0
1h,h4_t0.75_voladj,bull,33.2,17.5,15.7
1h,h4_t0.75_voladj,bear,35.6,17.8,17.8
1h,h4_t0.75_voladj,sideways,32.6,16.6,16.0
1h,h4_t0.75_voladj,crisis,34.6,19.1,15.5
1h,h4_t0.75_raw,bull,0.0,0.0,0.0
1h,h4_t0.75_raw,bear,0.0,0.0,0.0
1h,h4_t0.75_raw,sideways,0.0,0.0,0.0
1h,h4_t0.75_raw,crisis,0.0,0.0,0.0
1h,h4_t1.0_voladj,bull,23.5,13.0,10.6
1h,h4_t1.0_voladj,bear,26.2,12.3,13.9
1h,h4_t1.0_voladj,sideways,22.8,11.4,11.4
1h,h4_t1.0_voladj,crisis,23.0,12.6,10.4
1h,h4_t1.0_raw,bull,0.0,0.0,0.0
1h,h4_t1.0_raw,bear,0.0,0.0,0.0
1h,h4_t1.0_raw,sideways,0.0,0.0,0.0
1h,h4_t1.0_raw,crisis,0.0,0.0,0.0
1h,h5_t0.25_voladj,bull,70.2,35.2,35.0
1h,h5_t0.25_voladj,bear,71.2,38.2,33.0
1h,h5_t0.25_voladj,sideways,69.8,35.6,34.2
1h,h5_t0.25_voladj,crisis,71.9,38.6,33.2
1h,h5_t0.25_raw,bull,0.0,0.0,0.0
1h,h5_t0.25_raw,bear,0.0,0.0,0.0
1h,h5_t0.25_raw,sideways,0.0,0.0,0.0
1h,h5_t0.25_raw,crisis,0.0,0.0,0.0
1h,h5_t0.5_voladj,bull,48.5,24.7,23.8
1h,h5_t0.5_voladj,bear,50.6,26.6,24.0
1h,h5_t0.5_voladj,sideways,48.0,24.4,23.6
1h,h5_t0.5_voladj,crisis,49.9,27.2,22.7
1h,h5_t0.5_raw,bull,0.0,0.0,0.0
1h,h5_t0.5_raw,bear,0.0,0.0,0.0
1h,h5_t0.5_raw,sideways,0.0,0.0,0.0
1h,h5_t0.5_raw,crisis,0.0,0.0,0.0
1h,h5_t0.75_voladj,bull,33.7,17.8,15.8
1h,h5_t0.75_voladj,bear,36.2,18.3,18.0
1h,h5_t0.75_voladj,sideways,33.3,16.8,16.5
1h,h5_t0.75_voladj,crisis,34.3,18.9,15.4
1h,h5_t0.75_raw,bull,0.0,0.0,0.0
1h,h5_t0.75_raw,bear,0.0,0.0,0.0
1h,h5_t0.75_raw,sideways,0.0,0.0,0.0
1h,h5_t0.75_raw,crisis,0.0,0.0,0.0
1h,h5_t1.0_voladj,bull,24.0,13.4,10.6
1h,h5_t1.0_voladj,bear,26.8,12.7,14.0
1h,h5_t1.0_voladj,sideways,23.6,11.7,11.9
1h,h5_t1.0_voladj,crisis,22.5,12.4,10.1
1h,h5_t1.0_raw,bull,0.0,0.0,0.0
1h,h5_t1.0_raw,bear,0.0,0.0,0.0
1h,h5_t1.0_raw,sideways,0.0,0.0,0.0
1h,h5_t1.0_raw,crisis,0.0,0.0,0.0
1h,h6_t0.25_voladj,bull,70.6,35.4,35.2
1h,h6_t0.25_voladj,bear,71.4,38.5,32.9
1h,h6_t0.25_voladj,sideways,70.0,35.5,34.5
1h,h6_t0.25_voladj,crisis,71.2,38.9,32.3
1h,h6_t0.25_raw,bull,0.0,0.0,0.0
1h,h6_t0.25_raw,bear,0.0,0.0,0.0
1h,h6_t0.25_raw,sideways,0.0,0.0,0.0
1h,h6_t0.25_raw,crisis,0.0,0.0,0.0
1h,h6_t0.5_voladj,bull,48.5,24.9,23.6
1h,h6_t0.5_voladj,bear,50.7,26.7,23.9
1h,h6_t0.5_voladj,sideways,48.2,24.6,23.6
1h,h6_t0.5_voladj,crisis,49.2,27.3,21.9
1h,h6_t0.5_raw,bull,0.0,0.0,0.0
1h,h6_t0.5_raw,bear,0.0,0.0,0.0
1h,h6_t0.5_raw,sideways,0.0,0.0,0.0
1h,h6_t0.5_raw,crisis,0.0,0.0,0.0
1h,h6_t0.75_voladj,bull,34.0,18.2,15.8
1h,h6_t0.75_voladj,bear,36.9,18.6,18.3
1h,h6_t0.75_voladj,sideways,33.8,17.2,16.5
1h,h6_t0.75_voladj,crisis,33.2,18.6,14.6
1h,h6_t0.75_raw,bull,0.0,0.0,0.0
1h,h6_t0.75_raw,bear,0.0,0.0,0.0
1h,h6_t0.75_raw,sideways,0.0,0.0,0.0
1h,h6_t0.75_raw,crisis,0.0,0.0,0.0
1h,h6_t1.0_voladj,bull,24.5,13.7,10.8
1h,h6_t1.0_voladj,bear,27.4,13.0,14.4
1h,h6_t1.0_voladj,sideways,23.7,11.8,12.0
1h,h6_t1.0_voladj,crisis,21.9,11.9,10.0
1h,h6_t1.0_raw,bull,0.0,0.0,0.0
1h,h6_t1.0_raw,bear,0.0,0.0,0.0
1h,h6_t1.0_raw,sideways,0.0,0.0,0.0
1h,h6_t1.0_raw,crisis,0.0,0.0,0.0
2h,h1_t0.25_voladj,bull,70.6,35.6,35.0
2h,h1_t0.25_voladj,bear,70.9,37.1,33.8
2h,h1_t0.25_voladj,sideways,70.2,35.9,34.3
2h,h1_t0.25_voladj,crisis,71.7,36.8,34.9
2h,h1_t0.25_raw,bull,0.0,0.0,0.0
2h,h1_t0.25_raw,bear,0.0,0.0,0.0
2h,h1_t0.25_raw,sideways,0.0,0.0,0.0
2h,h1_t0.25_raw,crisis,0.0,0.0,0.0
2h,h1_t0.5_voladj,bull,47.4,24.1,23.3
2h,h1_t0.5_voladj,bear,48.0,24.6,23.4
2h,h1_t0.5_voladj,sideways,47.2,24.3,22.9
2h,h1_t0.5_voladj,crisis,50.6,25.8,24.8
2h,h1_t0.5_raw,bull,0.0,0.0,0.0
2h,h1_t0.5_raw,bear,0.0,0.0,0.0
2h,h1_t0.5_raw,sideways,0.0,0.0,0.0
2h,h1_t0.5_raw,crisis,0.0,0.0,0.0
2h,h1_t0.75_voladj,bull,31.6,16.3,15.3
2h,h1_t0.75_voladj,bear,32.3,16.2,16.2
2h,h1_t0.75_voladj,sideways,31.6,16.0,15.6
2h,h1_t0.75_voladj,crisis,33.5,17.6,15.9
2h,h1_t0.75_raw,bull,0.0,0.0,0.0
2h,h1_t0.75_raw,bear,0.0,0.0,0.0
2h,h1_t0.75_raw,sideways,0.0,0.0,0.0
2h,h1_t0.75_raw,crisis,0.0,0.0,0.0
2h,h1_t1.0_voladj,bull,21.5,11.3,10.2
2h,h1_t1.0_voladj,bear,22.5,11.2,11.3
2h,h1_t1.0_voladj,sideways,21.3,10.7,10.6
2h,h1_t1.0_voladj,crisis,22.0,11.5,10.4
2h,h1_t1.0_raw,bull,0.0,0.0,0.0
2h,h1_t1.0_raw,bear,0.0,0.0,0.0
2h,h1_t1.0_raw,sideways,0.0,0.0,0.0
2h,h1_t1.0_raw,crisis,0.0,0.0,0.0
2h,h2_t0.25_voladj,bull,69.7,35.1,34.6
2h,h2_t0.25_voladj,bear,69.3,36.9,32.4
2h,h2_t0.25_voladj,sideways,69.4,35.5,33.9
2h,h2_t0.25_voladj,crisis,70.4,36.6,33.8
2h,h2_t0.25_raw,bull,0.0,0.0,0.0
2h,h2_t0.25_raw,bear,0.0,0.0,0.0
2h,h2_t0.25_raw,sideways,0.0,0.0,0.0
2h,h2_t0.25_raw,crisis,0.0,0.0,0.0
2h,h2_t0.5_voladj,bull,47.0,23.9,23.0
2h,h2_t0.5_voladj,bear,48.1,25.4,22.7
2h,h2_t0.5_voladj,sideways,46.9,24.2,22.7
2h,h2_t0.5_voladj,crisis,47.9,25.5,22.5
2h,h2_t0.5_raw,bull,0.0,0.0,0.0
2h,h2_t0.5_raw,bear,0.0,0.0,0.0
2h,h2_t0.5_raw,sideways,0.0,0.0,0.0
2h,h2_t0.5_raw,crisis,0.0,0.0,0.0
2h,h2_t0.75_voladj,bull,32.3,17.0,15.4
2h,h2_t0.75_voladj,bear,33.1,16.7,16.4
2h,h2_t0.75_voladj,sideways,32.3,16.6,15.7
2h,h2_t0.75_voladj,crisis,32.4,17.5,14.9
2h,h2_t0.75_raw,bull,0.0,0.0,0.0
2h,h2_t0.75_raw,bear,0.0,0.0,0.0
2h,h2_t0.75_raw,sideways,0.0,0.0,0.0
2h,h2_t0.75_raw,crisis,0.0,0.0,0.0
2h,h2_t1.0_voladj,bull,22.9,12.4,10.5
2h,h2_t1.0_voladj,bear,23.6,11.3,12.3
2h,h2_t1.0_voladj,sideways,22.4,11.3,11.1
2h,h2_t1.0_voladj,crisis,21.9,11.5,10.5
2h,h2_t1.0_raw,bull,0.0,0.0,0.0
2h,h2_t1.0_raw,bear,0.0,0.0,0.0
2h,h2_t1.0_raw,sideways,0.0,0.0,0.0
2h,h2_t1.0_raw,crisis,0.0,0.0,0.0
2h,h3_t0.25_voladj,bull,70.5,35.3,35.2
2h,h3_t0.25_voladj,bear,69.1,37.1,32.0
2h,h3_t0.25_voladj,sideways,69.9,35.9,34.0
2h,h3_t0.25_voladj,crisis,69.5,36.8,32.8
2h,h3_t0.25_raw,bull,0.0,0.0,0.0
2h,h3_t0.25_raw,bear,0.0,0.0,0.0
2h,h3_t0.25_raw,sideways,0.0,0.0,0.0
2h,h3_t0.25_raw,crisis,0.1,0.0,0.0
2h,h3_t0.5_voladj,bull,48.0,24.9,23.1
2h,h3_t0.5_voladj,bear,48.3,25.7,22.5
2h,h3_t0.5_voladj,sideways,47.8,24.7,23.1
2h,h3_t0.5_voladj,crisis,46.7,26.0,20.7
2h,h3_t0.5_raw,bull,0.0,0.0,0.0
2h,h3_t0.5_raw,bear,0.0,0.0,0.0
2h,h3_t0.5_raw,sideways,0.0,0.0,0.0
2h,h3_t0.5_raw,crisis,0.0,0.0,0.0
2h,h3_t0.75_voladj,bull,33.2,17.7,15.6
2h,h3_t0.75_voladj,bear,34.1,17.4,16.7
2h,h3_t0.75_voladj,sideways,33.1,17.1,16.0
2h,h3_t0.75_voladj,crisis,31.5,17.2,14.3
2h,h3_t0.75_raw,bull,0.0,0.0,0.0
2h,h3_t0.75_raw,bear,0.0,0.0,0.0
2h,h3_t0.75_raw,sideways,0.0,0.0,0.0
2h,h3_t0.75_raw,crisis,0.0,0.0,0.0
2h,h3_t1.0_voladj,bull,23.9,13.1,10.8
2h,h3_t1.0_voladj,bear,24.5,11.7,12.8
2h,h3_t1.0_voladj,sideways,23.8,12.2,11.6
2h,h3_t1.0_voladj,crisis,21.1,11.0,10.1
2h,h3_t1.0_raw,bull,0.0,0.0,0.0
2h,h3_t1.0_raw,bear,0.0,0.0,0.0
2h,h3_t1.0_raw,sideways,0.0,0.0,0.0
2h,h3_t1.0_raw,crisis,0.0,0.0,0.0
2h,h4_t0.25_voladj,bull,69.6,35.1,34.5
2h,h4_t0.25_voladj,bear,70.2,37.5,32.6
2h,h4_t0.25_voladj,sideways,69.6,35.6,34.0
2h,h4_t0.25_voladj,crisis,70.8,37.9,32.9
2h,h4_t0.25_raw,bull,0.0,0.0,0.0
2h,h4_t0.25_raw,bear,0.0,0.0,0.0
2h,h4_t0.25_raw,sideways,0.0,0.0,0.0
2h,h4_t0.25_raw,crisis,0.1,0.0,0.0
2h,h4_t0.5_voladj,bull,48.6,25.1,23.5
2h,h4_t0.5_voladj,bear,49.4,26.1,23.4
2h,h4_t0.5_voladj,sideways,48.1,24.9,23.3
2h,h4_t0.5_voladj,crisis,48.2,25.9,22.3
2h,h4_t0.5_raw,bull,0.0,0.0,0.0
2h,h4_t0.5_raw,bear,0.0,0.0,0.0
2h,h4_t0.5_raw,sideways,0.0,0.0,0.0
2h,h4_t0.5_raw,crisis,0.0,0.0,0.0
2h,h4_t0.75_voladj,bull,33.8,18.1,15.7
2h,h4_t0.75_voladj,bear,35.2,18.1,17.1
2h,h4_t0.75_voladj,sideways,34.0,17.5,16.6
2h,h4_t0.75_voladj,crisis,31.0,16.6,14.4
2h,h4_t0.75_raw,bull,0.0,0.0,0.0
2h,h4_t0.75_raw,bear,0.0,0.0,0.0
2h,h4_t0.75_raw,sideways,0.0,0.0,0.0
2h,h4_t0.75_raw,crisis,0.0,0.0,0.0
2h,h4_t1.0_voladj,bull,24.9,13.6,11.3
2h,h4_t1.0_voladj,bear,25.4,12.4,13.1
2h,h4_t1.0_voladj,sideways,24.2,12.3,12.0
2h,h4_t1.0_voladj,crisis,20.3,10.6,9.6
2h,h4_t1.0_raw,bull,0.0,0.0,0.0
2h,h4_t1.0_raw,bear,0.0,0.0,0.0
2h,h4_t1.0_raw,sideways,0.0,0.0,0.0
2h,h4_t1.0_raw,crisis,0.0,0.0,0.0
2h,h5_t0.25_voladj,bull,70.6,35.7,34.9
2h,h5_t0.25_voladj,bear,71.0,38.0,32.9
2h,h5_t0.25_voladj,sideways,70.3,35.9,34.4
2h,h5_t0.25_voladj,crisis,69.6,37.6,32.0
2h,h5_t0.25_raw,bull,0.0,0.0,0.0
2h,h5_t0.25_raw,bear,0.0,0.0,0.0
2h,h5_t0.25_raw,sideways,0.0,0.0,0.0
2h,h5_t0.25_raw,crisis,0.1,0.0,0.0
2h,h5_t0.5_voladj,bull,49.3,25.5,23.9
2h,h5_t0.5_voladj,bear,50.5,26.7,23.8
2h,h5_t0.5_voladj,sideways,49.1,25.7,23.4
2h,h5_t0.5_voladj,crisis,47.1,26.0,21.1
2h,h5_t0.5_raw,bull,0.0,0.0,0.0
2h,h5_t0.5_raw,bear,0.0,0.0,0.0
2h,h5_t0.5_raw,sideways,0.0,0.0,0.0
2h,h5_t0.5_raw,crisis,0.0,0.0,0.0
2h,h5_t0.75_voladj,bull,35.2,18.7,16.5
2h,h5_t0.75_voladj,bear,35.9,18.0,17.9
2h,h5_t0.75_voladj,sideways,34.6,17.7,16.9
2h,h5_t0.75_voladj,crisis,30.6,16.3,14.2
2h,h5_t0.75_raw,bull,0.0,0.0,0.0
2h,h5_t0.75_raw,bear,0.0,0.0,0.0
2h,h5_t0.75_raw,sideways,0.0,0.0,0.0
2h,h5_t0.75_raw,crisis,0.0,0.0,0.0
2h,h5_t1.0_voladj,bull,25.6,13.9,11.7
2h,h5_t1.0_voladj,bear,26.2,12.5,13.7
2h,h5_t1.0_voladj,sideways,25.0,12.8,12.3
2h,h5_t1.0_voladj,crisis,19.9,10.6,9.3
2h,h5_t1.0_raw,bull,0.0,0.0,0.0
2h,h5_t1.0_raw,bear,0.0,0.0,0.0
2h,h5_t1.0_raw,sideways,0.0,0.0,0.0
2h,h5_t1.0_raw,crisis,0.0,0.0,0.0
2h,h6_t0.25_voladj,bull,70.8,35.8,34.9
2h,h6_t0.25_voladj,bear,71.1,38.2,32.9
2h,h6_t0.25_voladj,sideways,71.0,36.3,34.6
2h,h6_t0.25_voladj,crisis,70.1,38.3,31.8
2h,h6_t0.25_raw,bull,0.0,0.0,0.0
2h,h6_t0.25_raw,bear,0.0,0.0,0.0
2h,h6_t0.25_raw,sideways,0.0,0.0,0.0
2h,h6_t0.25_raw,crisis,0.1,0.0,0.0
2h,h6_t0.5_voladj,bull,50.4,26.1,24.4
2h,h6_t0.5_voladj,bear,50.8,26.8,23.9
2h,h6_t0.5_voladj,sideways,50.0,25.9,24.1
2h,h6_t0.5_voladj,crisis,47.6,25.8,21.7
2h,h6_t0.5_raw,bull,0.0,0.0,0.0
2h,h6_t0.5_raw,bear,0.0,0.0,0.0
2h,h6_t0.5_raw,sideways,0.0,0.0,0.0
2h,h6_t0.5_raw,crisis,0.0,0.0,0.0
2h,h6_t0.75_voladj,bull,36.2,19.1,17.1
2h,h6_t0.75_voladj,bear,37.0,18.3,18.7
2h,h6_t0.75_voladj,sideways,35.4,18.4,17.0
2h,h6_t0.75_voladj,crisis,30.6,16.9,13.8
2h,h6_t0.75_raw,bull,0.0,0.0,0.0
2h,h6_t0.75_raw,bear,0.0,0.0,0.0
2h,h6_t0.75_raw,sideways,0.0,0.0,0.0
2h,h6_t0.75_raw,crisis,0.0,0.0,0.0
2h,h6_t1.0_voladj,bull,26.4,14.6,11.8
2h,h6_t1.0_voladj,bear,26.6,12.4,14.2
2h,h6_t1.0_voladj,sideways,25.4,13.3,12.1
2h,h6_t1.0_voladj,crisis,19.5,10.5,9.0
2h,h6_t1.0_raw,bull,0.0,0.0,0.0
2h,h6_t1.0_raw,bear,0.0,0.0,0.0
2h,h6_t1.0_raw,sideways,0.0,0.0,0.0
2h,h6_t1.0_raw,crisis,0.0,0.0,0.0
4h,h1_t0.25_voladj,bull,70.3,35.9,34.5
4h,h1_t0.25_voladj,bear,69.4,36.1,33.2
4h,h1_t0.25_voladj,sideways,69.0,35.7,33.3
4h,h1_t0.25_voladj,crisis,72.8,38.4,34.4
4h,h1_t0.25_raw,bull,0.0,0.0,0.0
4h,h1_t0.25_raw,bear,0.0,0.0,0.0
4h,h1_t0.25_raw,sideways,0.0,0.0,0.0
4h,h1_t0.25_raw,crisis,0.0,0.0,0.0
4h,h1_t0.5_voladj,bull,48.3,24.8,23.5
4h,h1_t0.5_voladj,bear,46.8,24.0,22.7
4h,h1_t0.5_voladj,sideways,46.4,24.1,22.3
4h,h1_t0.5_voladj,crisis,50.3,27.0,23.3
4h,h1_t0.5_raw,bull,0.0,0.0,0.0
4h,h1_t0.5_raw,bear,0.0,0.0,0.0
4h,h1_t0.5_raw,sideways,0.0,0.0,0.0
4h,h1_t0.5_raw,crisis,0.0,0.0,0.0
4h,h1_t0.75_voladj,bull,33.3,17.4,15.8
4h,h1_t0.75_voladj,bear,32.4,16.4,16.0
4h,h1_t0.75_voladj,sideways,31.6,16.0,15.6
4h,h1_t0.75_voladj,crisis,34.1,19.1,15.0
4h,h1_t0.75_raw,bull,0.0,0.0,0.0
4h,h1_t0.75_raw,bear,0.0,0.0,0.0
4h,h1_t0.75_raw,sideways,0.0,0.0,0.0
4h,h1_t0.75_raw,crisis,0.0,0.0,0.0
4h,h1_t1.0_voladj,bull,23.0,12.5,10.5
4h,h1_t1.0_voladj,bear,22.6,11.1,11.5
4h,h1_t1.0_voladj,sideways,21.8,10.9,10.9
4h,h1_t1.0_voladj,crisis,23.6,12.8,10.8
4h,h1_t1.0_raw,bull,0.0,0.0,0.0
4h,h1_t1.0_raw,bear,0.0,0.0,0.0
4h,h1_t1.0_raw,sideways,0.0,0.0,0.0
4h,h1_t1.0_raw,crisis,0.0,0.0,0.0
4h,h2_t0.25_voladj,bull,70.8,36.2,34.6
4h,h2_t0.25_voladj,bear,69.7,36.0,33.7
4h,h2_t0.25_voladj,sideways,69.1,36.2,32.9
4h,h2_t0.25_voladj,crisis,72.0,38.5,33.5
4h,h2_t0.25_raw,bull,0.0,0.0,0.0
4h,h2_t0.25_raw,bear,0.0,0.0,0.0
4h,h2_t0.25_raw,sideways,0.0,0.0,0.0
4h,h2_t0.25_raw,crisis,0.0,0.0,0.0
4h,h2_t0.5_voladj,bull,48.6,25.5,23.0
4h,h2_t0.5_voladj,bear,48.2,24.8,23.4
4h,h2_t0.5_voladj,sideways,47.8,25.2,22.6
4h,h2_t0.5_voladj,crisis,48.9,27.1,21.8
4h,h2_t0.5_raw,bull,0.0,0.0,0.0
4h,h2_t0.5_raw,bear,0.0,0.0,0.0
4h,h2_t0.5_raw,sideways,0.0,0.0,0.0
4h,h2_t0.5_raw,crisis,0.0,0.0,0.0
4h,h2_t0.75_voladj,bull,33.4,18.1,15.3
4h,h2_t0.75_voladj,bear,33.9,17.3,16.6
4h,h2_t0.75_voladj,sideways,33.9,17.3,16.6
4h,h2_t0.75_voladj,crisis,32.6,18.2,14.4
4h,h2_t0.75_raw,bull,0.0,0.0,0.0
4h,h2_t0.75_raw,bear,0.0,0.0,0.0
4h,h2_t0.75_raw,sideways,0.0,0.0,0.0
4h,h2_t0.75_raw,crisis,0.0,0.0,0.0
4h,h2_t1.0_voladj,bull,23.5,12.9,10.6
4h,h2_t1.0_voladj,bear,24.9,12.3,12.6
4h,h2_t1.0_voladj,sideways,23.9,11.9,12.0
4h,h2_t1.0_voladj,crisis,21.8,11.9,9.9
4h,h2_t1.0_raw,bull,0.0,0.0,0.0
4h,h2_t1.0_raw,bear,0.0,0.0,0.0
4h,h2_t1.0_raw,sideways,0.0,0.0,0.0
4h,h2_t1.0_raw,crisis,0.0,0.0,0.0
4h,h3_t0.25_voladj,bull,71.0,35.9,35.1
4h,h3_t0.25_voladj,bear,69.5,36.0,33.4
4h,h3_t0.25_voladj,sideways,71.2,36.9,34.3
4h,h3_t0.25_voladj,crisis,72.7,39.5,33.3
4h,h3_t0.25_raw,bull,0.0,0.0,0.0
4h,h3_t0.25_raw,bear,0.0,0.0,0.0
4h,h3_t0.25_raw,sideways,0.0,0.0,0.0
4h,h3_t0.25_raw,crisis,0.0,0.0,0.0
4h,h3_t0.5_voladj,bull,49.7,25.9,23.8
4h,h3_t0.5_voladj,bear,50.3,26.3,24.0
4h,h3_t0.5_voladj,sideways,49.2,25.9,23.3
4h,h3_t0.5_voladj,crisis,48.4,27.3,21.1
4h,h3_t0.5_raw,bull,0.0,0.0,0.0
4h,h3_t0.5_raw,bear,0.0,0.0,0.0
4h,h3_t0.5_raw,sideways,0.0,0.0,0.0
4h,h3_t0.5_raw,crisis,0.0,0.0,0.0
4h,h3_t0.75_voladj,bull,35.2,19.2,16.0
4h,h3_t0.75_voladj,bear,36.7,18.1,18.6
4h,h3_t0.75_voladj,sideways,35.1,18.0,17.1
4h,h3_t0.75_voladj,crisis,32.4,18.6,13.8
4h,h3_t0.75_raw,bull,0.0,0.0,0.0
4h,h3_t0.75_raw,bear,0.0,0.0,0.0
4h,h3_t0.75_raw,sideways,0.0,0.0,0.0
4h,h3_t0.75_raw,crisis,0.0,0.0,0.0
4h,h3_t1.0_voladj,bull,25.5,14.7,10.8
4h,h3_t1.0_voladj,bear,26.4,12.5,13.9
4h,h3_t1.0_voladj,sideways,24.7,12.6,12.1
4h,h3_t1.0_voladj,crisis,21.1,12.2,8.9
4h,h3_t1.0_raw,bull,0.0,0.0,0.0
4h,h3_t1.0_raw,bear,0.0,0.0,0.0
4h,h3_t1.0_raw,sideways,0.0,0.0,0.0
4h,h3_t1.0_raw,crisis,0.0,0.0,0.0
4h,h4_t0.25_voladj,bull,71.6,37.2,34.4
4h,h4_t0.25_voladj,bear,70.8,37.4,33.4
4h,h4_t0.25_voladj,sideways,72.3,37.1,35.2
4h,h4_t0.25_voladj,crisis,72.2,39.7,32.5
4h,h4_t0.25_raw,bull,0.0,0.0,0.0
4h,h4_t0.25_raw,bear,0.0,0.0,0.0
4h,h4_t0.25_raw,sideways,0.0,0.0,0.0
4h,h4_t0.25_raw,crisis,0.0,0.0,0.0
4h,h4_t0.5_voladj,bull,51.2,27.3,23.9
4h,h4_t0.5_voladj,bear,50.8,26.3,24.5
4h,h4_t0.5_voladj,sideways,51.5,26.8,24.7
4h,h4_t0.5_voladj,crisis,48.9,27.0,21.9
4h,h4_t0.5_raw,bull,0.0,0.0,0.0
4h,h4_t0.5_raw,bear,0.0,0.0,0.0
4h,h4_t0.5_raw,sideways,0.0,0.0,0.0
4h,h4_t0.5_raw,crisis,0.0,0.0,0.0
4h,h4_t0.75_voladj,bull,37.1,20.7,16.4
4h,h4_t0.75_voladj,bear,36.6,18.6,18.1
4h,h4_t0.75_voladj,sideways,36.4,18.6,17.8
4h,h4_t0.75_voladj,crisis,31.3,17.3,14.0
4h,h4_t0.75_raw,bull,0.0,0.0,0.0
4h,h4_t0.75_raw,bear,0.0,0.0,0.0
4h,h4_t0.75_raw,sideways,0.0,0.0,0.0
4h,h4_t0.75_raw,crisis,0.0,0.0,0.0
4h,h4_t1.0_voladj,bull,26.4,15.5,10.9
4h,h4_t1.0_voladj,bear,26.2,12.6,13.6
4h,h4_t1.0_voladj,sideways,26.9,14.0,12.9
4h,h4_t1.0_voladj,crisis,20.9,11.6,9.3
4h,h4_t1.0_raw,bull,0.0,0.0,0.0
4h,h4_t1.0_raw,bear,0.0,0.0,0.0
4h,h4_t1.0_raw,sideways,0.0,0.0,0.0
4h,h4_t1.0_raw,crisis,0.0,0.0,0.0
4h,h5_t0.25_voladj,bull,72.1,37.6,34.5
4h,h5_t0.25_voladj,bear,70.5,37.4,33.1
4h,h5_t0.25_voladj,sideways,72.2,36.9,35.3
4h,h5_t0.25_voladj,crisis,71.9,39.3,32.6
4h,h5_t0.25_raw,bull,0.0,0.0,0.0
4h,h5_t0.25_raw,bear,0.1,0.0,0.1
4h,h5_t0.25_raw,sideways,0.0,0.0,0.0
4h,h5_t0.25_raw,crisis,0.0,0.0,0.0
4h,h5_t0.5_voladj,bull,53.4,29.1,24.3
4h,h5_t0.5_voladj,bear,51.2,26.3,24.9
4h,h5_t0.5_voladj,sideways,52.6,26.9,25.7
4h,h5_t0.5_voladj,crisis,49.3,27.5,21.8
4h,h5_t0.5_raw,bull,0.0,0.0,0.0
4h,h5_t0.5_raw,bear,0.0,0.0,0.0
4h,h5_t0.5_raw,sideways,0.0,0.0,0.0
4h,h5_t0.5_raw,crisis,0.0,0.0,0.0
4h,h5_t0.75_voladj,bull,38.3,21.5,16.9
4h,h5_t0.75_voladj,bear,37.0,18.2,18.7
4h,h5_t0.75_voladj,sideways,38.2,19.8,18.4
4h,h5_t0.75_voladj,crisis,31.2,18.0,13.2
4h,h5_t0.75_raw,bull,0.0,0.0,0.0
4h,h5_t0.75_raw,bear,0.0,0.0,0.0
4h,h5_t0.75_raw,sideways,0.0,0.0,0.0
4h,h5_t0.75_raw,crisis,0.0,0.0,0.0
4h,h5_t1.0_voladj,bull,27.6,15.8,11.7
4h,h5_t1.0_voladj,bear,26.4,12.8,13.6
4h,h5_t1.0_voladj,sideways,27.6,14.2,13.4
4h,h5_t1.0_voladj,crisis,21.2,13.0,8.2
4h,h5_t1.0_raw,bull,0.0,0.0,0.0
4h,h5_t1.0_raw,bear,0.0,0.0,0.0
4h,h5_t1.0_raw,sideways,0.0,0.0,0.0
4h,h5_t1.0_raw,crisis,0.0,0.0,0.0
4h,h6_t0.25_voladj,bull,73.7,38.9,34.8
4h,h6_t0.25_voladj,bear,72.1,37.8,34.2
4h,h6_t0.25_voladj,sideways,72.9,37.6,35.4
4h,h6_t0.25_voladj,crisis,71.2,39.2,32.1
4h,h6_t0.25_raw,bull,0.0,0.0,0.0
4h,h6_t0.25_raw,bear,0.1,0.0,0.1
4h,h6_t0.25_raw,sideways,0.0,0.0,0.0
4h,h6_t0.25_raw,crisis,0.0,0.0,0.0
4h,h6_t0.5_voladj,bull,53.6,28.9,24.7
4h,h6_t0.5_voladj,bear,52.0,26.6,25.4
4h,h6_t0.5_voladj,sideways,53.3,27.5,25.8
4h,h6_t0.5_voladj,crisis,49.3,27.6,21.7
4h,h6_t0.5_raw,bull,0.0,0.0,0.0
4h,h6_t0.5_raw,bear,0.0,0.0,0.0
4h,h6_t0.5_raw,sideways,0.0,0.0,0.0
4h,h6_t0.5_raw,crisis,0.0,0.0,0.0
4h,h6_t0.75_voladj,bull,39.3,21.9,17.4
4h,h6_t0.75_voladj,bear,37.0,18.5,18.6
4h,h6_t0.75_voladj,sideways,39.0,20.1,18.9
4h,h6_t0.75_voladj,crisis,31.6,18.6,13.0
4h,h6_t0.75_raw,bull,0.0,0.0,0.0
4h,h6_t0.75_raw,bear,0.0,0.0,0.0
4h,h6_t0.75_raw,sideways,0.0,0.0,0.0
4h,h6_t0.75_raw,crisis,0.0,0.0,0.0
4h,h6_t1.0_voladj,bull,28.8,16.5,12.4
4h,h6_t1.0_voladj,bear,27.2,13.3,13.9
4h,h6_t1.0_voladj,sideways,28.0,14.9,13.2
4h,h6_t1.0_voladj,crisis,19.5,12.3,7.3
4h,h6_t1.0_raw,bull,0.0,0.0,0.0
4h,h6_t1.0_raw,bear,0.0,0.0,0.0
4h,h6_t1.0_raw,sideways,0.0,0.0,0.0
4h,h6_t1.0_raw,crisis,0.0,0.0,0.0
