timeframe,config,vol_bucket,%TRADE,%BUY,%SELL
1h,h1_t0.25_voladj,1,68.1,34.5,33.6
1h,h1_t0.25_voladj,2,72.6,36.9,35.8
1h,h1_t0.25_voladj,3,72.4,36.9,35.6
1h,h1_t0.25_voladj,4,72.7,37.5,35.2
1h,h1_t0.25_voladj,5,73.1,37.5,35.5
1h,h1_t0.25_raw,1,0.0,0.0,0.0
1h,h1_t0.25_raw,2,0.0,0.0,0.0
1h,h1_t0.25_raw,3,0.0,0.0,0.0
1h,h1_t0.25_raw,4,0.0,0.0,0.0
1h,h1_t0.25_raw,5,0.0,0.0,0.0
1h,h1_t0.5_voladj,1,44.5,22.6,21.9
1h,h1_t0.5_voladj,2,49.8,24.9,24.9
1h,h1_t0.5_voladj,3,49.9,25.1,24.8
1h,h1_t0.5_voladj,4,49.5,25.7,23.8
1h,h1_t0.5_voladj,5,50.4,26.3,24.1
1h,h1_t0.5_raw,1,0.0,0.0,0.0
1h,h1_t0.5_raw,2,0.0,0.0,0.0
1h,h1_t0.5_raw,3,0.0,0.0,0.0
1h,h1_t0.5_raw,4,0.0,0.0,0.0
1h,h1_t0.5_raw,5,0.0,0.0,0.0
1h,h1_t0.75_voladj,1,29.5,15.0,14.5
1h,h1_t0.75_voladj,2,33.8,16.8,17.1
1h,h1_t0.75_voladj,3,33.6,16.8,16.8
1h,h1_t0.75_voladj,4,32.4,17.0,15.4
1h,h1_t0.75_voladj,5,33.7,17.8,15.9
1h,h1_t0.75_raw,1,0.0,0.0,0.0
1h,h1_t0.75_raw,2,0.0,0.0,0.0
1h,h1_t0.75_raw,3,0.0,0.0,0.0
1h,h1_t0.75_raw,4,0.0,0.0,0.0
1h,h1_t0.75_raw,5,0.0,0.0,0.0
1h,h1_t1.0_voladj,1,20.1,10.3,9.8
1h,h1_t1.0_voladj,2,23.4,11.7,11.7
1h,h1_t1.0_voladj,3,23.1,11.3,11.8
1h,h1_t1.0_voladj,4,21.7,11.3,10.3
1h,h1_t1.0_voladj,5,22.8,12.1,10.7
1h,h1_t1.0_raw,1,0.0,0.0,0.0
1h,h1_t1.0_raw,2,0.0,0.0,0.0
1h,h1_t1.0_raw,3,0.0,0.0,0.0
1h,h1_t1.0_raw,4,0.0,0.0,0.0
1h,h1_t1.0_raw,5,0.0,0.0,0.0
1h,h2_t0.25_voladj,1,68.5,35.2,33.3
1h,h2_t0.25_voladj,2,71.7,36.1,35.5
1h,h2_t0.25_voladj,3,72.2,36.5,35.7
1h,h2_t0.25_voladj,4,72.0,37.1,34.9
1h,h2_t0.25_voladj,5,72.5,38.0,34.5
1h,h2_t0.25_raw,1,0.0,0.0,0.0
1h,h2_t0.25_raw,2,0.0,0.0,0.0
1h,h2_t0.25_raw,3,0.0,0.0,0.0
1h,h2_t0.25_raw,4,0.0,0.0,0.0
1h,h2_t0.25_raw,5,0.0,0.0,0.0
1h,h2_t0.5_voladj,1,44.4,22.7,21.6
1h,h2_t0.5_voladj,2,50.2,25.2,25.0
1h,h2_t0.5_voladj,3,49.5,25.1,24.5
1h,h2_t0.5_voladj,4,48.6,25.2,23.5
1h,h2_t0.5_voladj,5,49.4,26.0,23.3
1h,h2_t0.5_raw,1,0.0,0.0,0.0
1h,h2_t0.5_raw,2,0.0,0.0,0.0
1h,h2_t0.5_raw,3,0.0,0.0,0.0
1h,h2_t0.5_raw,4,0.0,0.0,0.0
1h,h2_t0.5_raw,5,0.0,0.0,0.0
1h,h2_t0.75_voladj,1,30.2,15.5,14.6
1h,h2_t0.75_voladj,2,34.7,17.4,17.3
1h,h2_t0.75_voladj,3,33.9,16.9,16.9
1h,h2_t0.75_voladj,4,32.6,17.1,15.5
1h,h2_t0.75_voladj,5,33.4,17.7,15.7
1h,h2_t0.75_raw,1,0.0,0.0,0.0
1h,h2_t0.75_raw,2,0.0,0.0,0.0
1h,h2_t0.75_raw,3,0.0,0.0,0.0
1h,h2_t0.75_raw,4,0.0,0.0,0.0
1h,h2_t0.75_raw,5,0.0,0.0,0.0
1h,h2_t1.0_voladj,1,21.1,10.8,10.2
1h,h2_t1.0_voladj,2,24.5,12.2,12.3
1h,h2_t1.0_voladj,3,23.6,11.5,12.0
1h,h2_t1.0_voladj,4,21.9,11.5,10.4
1h,h2_t1.0_voladj,5,23.0,12.2,10.8
1h,h2_t1.0_raw,1,0.0,0.0,0.0
1h,h2_t1.0_raw,2,0.0,0.0,0.0
1h,h2_t1.0_raw,3,0.0,0.0,0.0
1h,h2_t1.0_raw,4,0.0,0.0,0.0
1h,h2_t1.0_raw,5,0.0,0.0,0.0
1h,h3_t0.25_voladj,1,67.6,34.8,32.8
1h,h3_t0.25_voladj,2,72.5,36.9,35.6
1h,h3_t0.25_voladj,3,71.9,36.1,35.8
1h,h3_t0.25_voladj,4,71.4,37.1,34.3
1h,h3_t0.25_voladj,5,71.8,37.9,34.0
1h,h3_t0.25_raw,1,0.0,0.0,0.0
1h,h3_t0.25_raw,2,0.0,0.0,0.0
1h,h3_t0.25_raw,3,0.0,0.0,0.0
1h,h3_t0.25_raw,4,0.0,0.0,0.0
1h,h3_t0.25_raw,5,0.0,0.0,0.0
1h,h3_t0.5_voladj,1,45.1,23.4,21.7
1h,h3_t0.5_voladj,2,50.4,25.3,25.1
1h,h3_t0.5_voladj,3,49.7,25.1,24.7
1h,h3_t0.5_voladj,4,48.4,25.1,23.3
1h,h3_t0.5_voladj,5,49.5,26.5,23.0
1h,h3_t0.5_raw,1,0.0,0.0,0.0
1h,h3_t0.5_raw,2,0.0,0.0,0.0
1h,h3_t0.5_raw,3,0.0,0.0,0.0
1h,h3_t0.5_raw,4,0.0,0.0,0.0
1h,h3_t0.5_raw,5,0.0,0.0,0.0
1h,h3_t0.75_voladj,1,30.8,15.8,14.9
1h,h3_t0.75_voladj,2,35.3,17.8,17.4
1h,h3_t0.75_voladj,3,33.7,16.9,16.8
1h,h3_t0.75_voladj,4,32.9,17.4,15.5
1h,h3_t0.75_voladj,5,33.2,17.5,15.7
1h,h3_t0.75_raw,1,0.0,0.0,0.0
1h,h3_t0.75_raw,2,0.0,0.0,0.0
1h,h3_t0.75_raw,3,0.0,0.0,0.0
1h,h3_t0.75_raw,4,0.0,0.0,0.0
1h,h3_t0.75_raw,5,0.0,0.0,0.0
1h,h3_t1.0_voladj,1,22.0,11.2,10.7
1h,h3_t1.0_voladj,2,25.4,12.7,12.7
1h,h3_t1.0_voladj,3,23.4,11.7,11.6
1h,h3_t1.0_voladj,4,22.4,11.6,10.8
1h,h3_t1.0_voladj,5,22.4,11.7,10.6
1h,h3_t1.0_raw,1,0.0,0.0,0.0
1h,h3_t1.0_raw,2,0.0,0.0,0.0
1h,h3_t1.0_raw,3,0.0,0.0,0.0
1h,h3_t1.0_raw,4,0.0,0.0,0.0
1h,h3_t1.0_raw,5,0.0,0.0,0.0
1h,h4_t0.25_voladj,1,67.8,34.8,33.0
1h,h4_t0.25_voladj,2,72.0,36.4,35.5
1h,h4_t0.25_voladj,3,70.7,35.6,35.1
1h,h4_t0.25_voladj,4,70.5,36.6,34.0
1h,h4_t0.25_voladj,5,71.3,37.8,33.4
1h,h4_t0.25_raw,1,0.0,0.0,0.0
1h,h4_t0.25_raw,2,0.0,0.0,0.0
1h,h4_t0.25_raw,3,0.0,0.0,0.0
1h,h4_t0.25_raw,4,0.0,0.0,0.0
1h,h4_t0.25_raw,5,0.0,0.0,0.0
1h,h4_t0.5_voladj,1,45.7,23.7,22.0
1h,h4_t0.5_voladj,2,50.8,25.9,24.9
1h,h4_t0.5_voladj,3,48.5,24.4,24.1
1h,h4_t0.5_voladj,4,48.9,25.6,23.3
1h,h4_t0.5_voladj,5,49.1,26.5,22.6
1h,h4_t0.5_raw,1,0.0,0.0,0.0
1h,h4_t0.5_raw,2,0.0,0.0,0.0
1h,h4_t0.5_raw,3,0.0,0.0,0.0
1h,h4_t0.5_raw,4,0.0,0.0,0.0
1h,h4_t0.5_raw,5,0.0,0.0,0.0
1h,h4_t0.75_voladj,1,31.7,16.5,15.2
1h,h4_t0.75_voladj,2,36.1,18.3,17.8
1h,h4_t0.75_voladj,3,33.4,16.5,16.9
1h,h4_t0.75_voladj,4,33.6,17.6,16.0
1h,h4_t0.75_voladj,5,33.6,18.1,15.4
1h,h4_t0.75_raw,1,0.0,0.0,0.0
1h,h4_t0.75_raw,2,0.0,0.0,0.0
1h,h4_t0.75_raw,3,0.0,0.0,0.0
1h,h4_t0.75_raw,4,0.0,0.0,0.0
1h,h4_t0.75_raw,5,0.0,0.0,0.0
1h,h4_t1.0_voladj,1,23.3,11.9,11.3
1h,h4_t1.0_voladj,2,26.3,13.4,12.9
1h,h4_t1.0_voladj,3,24.0,11.8,12.2
1h,h4_t1.0_voladj,4,22.9,11.9,11.0
1h,h4_t1.0_voladj,5,22.6,11.9,10.7
1h,h4_t1.0_raw,1,0.0,0.0,0.0
1h,h4_t1.0_raw,2,0.0,0.0,0.0
1h,h4_t1.0_raw,3,0.0,0.0,0.0
1h,h4_t1.0_raw,4,0.0,0.0,0.0
1h,h4_t1.0_raw,5,0.0,0.0,0.0
1h,h5_t0.25_voladj,1,67.5,34.9,32.6
1h,h5_t0.25_voladj,2,72.1,36.9,35.3
1h,h5_t0.25_voladj,3,71.0,35.4,35.6
1h,h5_t0.25_voladj,4,70.6,36.9,33.7
1h,h5_t0.25_voladj,5,71.1,37.9,33.2
1h,h5_t0.25_raw,1,0.0,0.0,0.0
1h,h5_t0.25_raw,2,0.0,0.0,0.0
1h,h5_t0.25_raw,3,0.0,0.0,0.0
1h,h5_t0.25_raw,4,0.0,0.0,0.0
1h,h5_t0.25_raw,5,0.0,0.0,0.0
1h,h5_t0.5_voladj,1,46.2,23.7,22.5
1h,h5_t0.5_voladj,2,51.1,26.1,25.0
1h,h5_t0.5_voladj,3,49.7,24.7,25.0
1h,h5_t0.5_voladj,4,49.0,25.6,23.4
1h,h5_t0.5_voladj,5,48.6,26.2,22.4
1h,h5_t0.5_raw,1,0.0,0.0,0.0
1h,h5_t0.5_raw,2,0.0,0.0,0.0
1h,h5_t0.5_raw,3,0.0,0.0,0.0
1h,h5_t0.5_raw,4,0.0,0.0,0.0
1h,h5_t0.5_raw,5,0.0,0.0,0.0
1h,h5_t0.75_voladj,1,32.7,16.8,15.9
1h,h5_t0.75_voladj,2,36.6,18.6,18.0
1h,h5_t0.75_voladj,3,34.1,17.0,17.1
1h,h5_t0.75_voladj,4,34.0,17.7,16.3
1h,h5_t0.75_voladj,5,33.4,18.1,15.3
1h,h5_t0.75_raw,1,0.0,0.0,0.0
1h,h5_t0.75_raw,2,0.0,0.0,0.0
1h,h5_t0.75_raw,3,0.0,0.0,0.0
1h,h5_t0.75_raw,4,0.0,0.0,0.0
1h,h5_t0.75_raw,5,0.0,0.0,0.0
1h,h5_t1.0_voladj,1,24.6,12.5,12.0
1h,h5_t1.0_voladj,2,27.0,13.6,13.3
1h,h5_t1.0_voladj,3,24.2,12.1,12.1
1h,h5_t1.0_voladj,4,23.5,12.3,11.2
1h,h5_t1.0_voladj,5,22.4,11.9,10.5
1h,h5_t1.0_raw,1,0.0,0.0,0.0
1h,h5_t1.0_raw,2,0.0,0.0,0.0
1h,h5_t1.0_raw,3,0.0,0.0,0.0
1h,h5_t1.0_raw,4,0.0,0.0,0.0
1h,h5_t1.0_raw,5,0.0,0.0,0.0
1h,h6_t0.25_voladj,1,68.5,35.3,33.2
1h,h6_t0.25_voladj,2,71.8,36.6,35.2
1h,h6_t0.25_voladj,3,70.7,35.5,35.3
1h,h6_t0.25_voladj,4,71.1,37.1,34.0
1h,h6_t0.25_voladj,5,71.0,38.1,32.9
1h,h6_t0.25_raw,1,0.0,0.0,0.0
1h,h6_t0.25_raw,2,0.0,0.0,0.0
1h,h6_t0.25_raw,3,0.0,0.0,0.0
1h,h6_t0.25_raw,4,0.0,0.0,0.0
1h,h6_t0.25_raw,5,0.0,0.0,0.0
1h,h6_t0.5_voladj,1,47.0,24.1,22.9
1h,h6_t0.5_voladj,2,51.1,26.2,25.0
1h,h6_t0.5_voladj,3,48.8,24.2,24.6
1h,h6_t0.5_voladj,4,49.4,26.2,23.2
1h,h6_t0.5_voladj,5,48.5,26.6,21.9
1h,h6_t0.5_raw,1,0.0,0.0,0.0
1h,h6_t0.5_raw,2,0.0,0.0,0.0
1h,h6_t0.5_raw,3,0.0,0.0,0.0
1h,h6_t0.5_raw,4,0.0,0.0,0.0
1h,h6_t0.5_raw,5,0.0,0.0,0.0
1h,h6_t0.75_voladj,1,33.7,17.3,16.4
1h,h6_t0.75_voladj,2,37.0,19.1,17.9
1h,h6_t0.75_voladj,3,33.9,16.8,17.1
1h,h6_t0.75_voladj,4,34.9,18.5,16.4
1h,h6_t0.75_voladj,5,33.0,18.0,15.0
1h,h6_t0.75_raw,1,0.0,0.0,0.0
1h,h6_t0.75_raw,2,0.0,0.0,0.0
1h,h6_t0.75_raw,3,0.0,0.0,0.0
1h,h6_t0.75_raw,4,0.0,0.0,0.0
1h,h6_t0.75_raw,5,0.0,0.0,0.0
1h,h6_t1.0_voladj,1,25.1,12.8,12.2
1h,h6_t1.0_voladj,2,27.2,13.8,13.4
1h,h6_t1.0_voladj,3,24.5,12.1,12.4
1h,h6_t1.0_voladj,4,24.0,12.6,11.5
1h,h6_t1.0_voladj,5,22.3,11.9,10.4
1h,h6_t1.0_raw,1,0.0,0.0,0.0
1h,h6_t1.0_raw,2,0.0,0.0,0.0
1h,h6_t1.0_raw,3,0.0,0.0,0.0
1h,h6_t1.0_raw,4,0.0,0.0,0.0
1h,h6_t1.0_raw,5,0.0,0.0,0.0
2h,h1_t0.25_voladj,1,68.4,35.2,33.2
2h,h1_t0.25_voladj,2,70.2,35.6,34.6
2h,h1_t0.25_voladj,3,70.4,36.5,33.9
2h,h1_t0.25_voladj,4,72.2,36.9,35.3
2h,h1_t0.25_voladj,5,72.3,36.8,35.5
2h,h1_t0.25_raw,1,0.0,0.0,0.0
2h,h1_t0.25_raw,2,0.0,0.0,0.0
2h,h1_t0.25_raw,3,0.0,0.0,0.0
2h,h1_t0.25_raw,4,0.0,0.0,0.0
2h,h1_t0.25_raw,5,0.0,0.0,0.0
2h,h1_t0.5_voladj,1,44.2,23.0,21.3
2h,h1_t0.5_voladj,2,48.0,24.6,23.4
2h,h1_t0.5_voladj,3,47.5,24.2,23.3
2h,h1_t0.5_voladj,4,49.4,25.3,24.2
2h,h1_t0.5_voladj,5,49.8,25.2,24.6
2h,h1_t0.5_raw,1,0.0,0.0,0.0
2h,h1_t0.5_raw,2,0.0,0.0,0.0
2h,h1_t0.5_raw,3,0.0,0.0,0.0
2h,h1_t0.5_raw,4,0.0,0.0,0.0
2h,h1_t0.5_raw,5,0.0,0.0,0.0
2h,h1_t0.75_voladj,1,29.7,15.5,14.1
2h,h1_t0.75_voladj,2,32.1,16.2,15.8
2h,h1_t0.75_voladj,3,31.6,16.0,15.7
2h,h1_t0.75_voladj,4,33.4,17.0,16.4
2h,h1_t0.75_voladj,5,33.1,16.8,16.3
2h,h1_t0.75_raw,1,0.0,0.0,0.0
2h,h1_t0.75_raw,2,0.0,0.0,0.0
2h,h1_t0.75_raw,3,0.0,0.0,0.0
2h,h1_t0.75_raw,4,0.0,0.0,0.0
2h,h1_t0.75_raw,5,0.0,0.0,0.0
2h,h1_t1.0_voladj,1,20.6,10.7,9.9
2h,h1_t1.0_voladj,2,22.2,11.3,10.8
2h,h1_t1.0_voladj,3,21.8,10.8,11.0
2h,h1_t1.0_voladj,4,22.4,11.5,10.9
2h,h1_t1.0_voladj,5,21.5,11.1,10.4
2h,h1_t1.0_raw,1,0.0,0.0,0.0
2h,h1_t1.0_raw,2,0.0,0.0,0.0
2h,h1_t1.0_raw,3,0.0,0.0,0.0
2h,h1_t1.0_raw,4,0.0,0.0,0.0
2h,h1_t1.0_raw,5,0.0,0.0,0.0
2h,h2_t0.25_voladj,1,68.6,35.7,32.9
2h,h2_t0.25_voladj,2,69.3,35.3,34.0
2h,h2_t0.25_voladj,3,68.8,35.7,33.1
2h,h2_t0.25_voladj,4,70.8,36.3,34.5
2h,h2_t0.25_voladj,5,70.6,36.2,34.3
2h,h2_t0.25_raw,1,0.0,0.0,0.0
2h,h2_t0.25_raw,2,0.0,0.0,0.0
2h,h2_t0.25_raw,3,0.0,0.0,0.0
2h,h2_t0.25_raw,4,0.0,0.0,0.0
2h,h2_t0.25_raw,5,0.0,0.0,0.0
2h,h2_t0.5_voladj,1,46.1,24.1,22.0
2h,h2_t0.5_voladj,2,46.6,23.9,22.7
2h,h2_t0.5_voladj,3,46.6,24.0,22.6
2h,h2_t0.5_voladj,4,48.5,25.1,23.4
2h,h2_t0.5_voladj,5,48.8,25.5,23.2
2h,h2_t0.5_raw,1,0.0,0.0,0.0
2h,h2_t0.5_raw,2,0.0,0.0,0.0
2h,h2_t0.5_raw,3,0.0,0.0,0.0
2h,h2_t0.5_raw,4,0.0,0.0,0.0
2h,h2_t0.5_raw,5,0.0,0.0,0.0
2h,h2_t0.75_voladj,1,32.3,16.8,15.6
2h,h2_t0.75_voladj,2,32.3,16.5,15.8
2h,h2_t0.75_voladj,3,31.9,16.4,15.5
2h,h2_t0.75_voladj,4,33.2,17.1,16.1
2h,h2_t0.75_voladj,5,32.9,17.4,15.5
2h,h2_t0.75_raw,1,0.0,0.0,0.0
2h,h2_t0.75_raw,2,0.0,0.0,0.0
2h,h2_t0.75_raw,3,0.0,0.0,0.0
2h,h2_t0.75_raw,4,0.0,0.0,0.0
2h,h2_t0.75_raw,5,0.0,0.0,0.0
2h,h2_t1.0_voladj,1,23.2,11.8,11.3
2h,h2_t1.0_voladj,2,23.2,11.7,11.5
2h,h2_t1.0_voladj,3,22.3,11.2,11.1
2h,h2_t1.0_voladj,4,23.2,12.1,11.0
2h,h2_t1.0_voladj,5,22.0,11.5,10.6
2h,h2_t1.0_raw,1,0.0,0.0,0.0
2h,h2_t1.0_raw,2,0.0,0.0,0.0
2h,h2_t1.0_raw,3,0.0,0.0,0.0
2h,h2_t1.0_raw,4,0.0,0.0,0.0
2h,h2_t1.0_raw,5,0.0,0.0,0.0
2h,h3_t0.25_voladj,1,69.6,35.6,34.0
2h,h3_t0.25_voladj,2,68.6,35.0,33.6
2h,h3_t0.25_voladj,3,70.2,36.3,33.8
2h,h3_t0.25_voladj,4,71.0,36.8,34.2
2h,h3_t0.25_voladj,5,70.3,36.7,33.5
2h,h3_t0.25_raw,1,0.0,0.0,0.0
2h,h3_t0.25_raw,2,0.0,0.0,0.0
2h,h3_t0.25_raw,3,0.0,0.0,0.0
2h,h3_t0.25_raw,4,0.0,0.0,0.0
2h,h3_t0.25_raw,5,0.0,0.0,0.0
2h,h3_t0.5_voladj,1,47.7,25.0,22.7
2h,h3_t0.5_voladj,2,47.8,24.8,23.0
2h,h3_t0.5_voladj,3,47.9,25.0,22.9
2h,h3_t0.5_voladj,4,48.7,25.3,23.4
2h,h3_t0.5_voladj,5,47.3,25.5,21.8
2h,h3_t0.5_raw,1,0.0,0.0,0.0
2h,h3_t0.5_raw,2,0.0,0.0,0.0
2h,h3_t0.5_raw,3,0.0,0.0,0.0
2h,h3_t0.5_raw,4,0.0,0.0,0.0
2h,h3_t0.5_raw,5,0.0,0.0,0.0
2h,h3_t0.75_voladj,1,34.9,18.3,16.6
2h,h3_t0.75_voladj,2,33.2,17.2,16.0
2h,h3_t0.75_voladj,3,32.2,16.6,15.6
2h,h3_t0.75_voladj,4,33.7,17.5,16.3
2h,h3_t0.75_voladj,5,32.0,17.2,14.8
2h,h3_t0.75_raw,1,0.0,0.0,0.0
2h,h3_t0.75_raw,2,0.0,0.0,0.0
2h,h3_t0.75_raw,3,0.0,0.0,0.0
2h,h3_t0.75_raw,4,0.0,0.0,0.0
2h,h3_t0.75_raw,5,0.0,0.0,0.0
2h,h3_t1.0_voladj,1,25.5,13.3,12.2
2h,h3_t1.0_voladj,2,24.2,12.6,11.6
2h,h3_t1.0_voladj,3,23.3,11.5,11.7
2h,h3_t1.0_voladj,4,24.0,12.4,11.6
2h,h3_t1.0_voladj,5,21.7,11.4,10.3
2h,h3_t1.0_raw,1,0.0,0.0,0.0
2h,h3_t1.0_raw,2,0.0,0.0,0.0
2h,h3_t1.0_raw,3,0.0,0.0,0.0
2h,h3_t1.0_raw,4,0.0,0.0,0.0
2h,h3_t1.0_raw,5,0.0,0.0,0.0
2h,h4_t0.25_voladj,1,69.6,36.0,33.6
2h,h4_t0.25_voladj,2,68.9,35.1,33.8
2h,h4_t0.25_voladj,3,69.6,35.9,33.8
2h,h4_t0.25_voladj,4,70.3,35.8,34.5
2h,h4_t0.25_voladj,5,71.0,38.1,33.0
2h,h4_t0.25_raw,1,0.0,0.0,0.0
2h,h4_t0.25_raw,2,0.0,0.0,0.0
2h,h4_t0.25_raw,3,0.0,0.0,0.0
2h,h4_t0.25_raw,4,0.0,0.0,0.0
2h,h4_t0.25_raw,5,0.0,0.0,0.0
2h,h4_t0.5_voladj,1,50.1,26.3,23.8
2h,h4_t0.5_voladj,2,48.2,24.6,23.6
2h,h4_t0.5_voladj,3,47.8,24.6,23.3
2h,h4_t0.5_voladj,4,48.3,25.1,23.2
2h,h4_t0.5_voladj,5,48.6,26.1,22.5
2h,h4_t0.5_raw,1,0.0,0.0,0.0
2h,h4_t0.5_raw,2,0.0,0.0,0.0
2h,h4_t0.5_raw,3,0.0,0.0,0.0
2h,h4_t0.5_raw,4,0.0,0.0,0.0
2h,h4_t0.5_raw,5,0.0,0.0,0.0
2h,h4_t0.75_voladj,1,36.1,18.9,17.2
2h,h4_t0.75_voladj,2,34.4,17.6,16.8
2h,h4_t0.75_voladj,3,33.5,17.4,16.1
2h,h4_t0.75_voladj,4,34.3,18.0,16.3
2h,h4_t0.75_voladj,5,31.5,16.8,14.7
2h,h4_t0.75_raw,1,0.0,0.0,0.0
2h,h4_t0.75_raw,2,0.0,0.0,0.0
2h,h4_t0.75_raw,3,0.0,0.0,0.0
2h,h4_t0.75_raw,4,0.0,0.0,0.0
2h,h4_t0.75_raw,5,0.0,0.0,0.0
2h,h4_t1.0_voladj,1,27.1,14.1,13.0
2h,h4_t1.0_voladj,2,24.8,12.9,11.9
2h,h4_t1.0_voladj,3,24.1,12.0,12.1
2h,h4_t1.0_voladj,4,24.7,12.8,11.9
2h,h4_t1.0_voladj,5,21.0,10.9,10.1
2h,h4_t1.0_raw,1,0.0,0.0,0.0
2h,h4_t1.0_raw,2,0.0,0.0,0.0
2h,h4_t1.0_raw,3,0.0,0.0,0.0
2h,h4_t1.0_raw,4,0.0,0.0,0.0
2h,h4_t1.0_raw,5,0.0,0.0,0.0
2h,h5_t0.25_voladj,1,70.7,36.4,34.3
2h,h5_t0.25_voladj,2,69.4,35.6,33.8
2h,h5_t0.25_voladj,3,70.0,35.7,34.3
2h,h5_t0.25_voladj,4,71.8,36.7,35.1
2h,h5_t0.25_voladj,5,70.8,38.2,32.6
2h,h5_t0.25_raw,1,0.0,0.0,0.0
2h,h5_t0.25_raw,2,0.0,0.0,0.0
2h,h5_t0.25_raw,3,0.0,0.0,0.0
2h,h5_t0.25_raw,4,0.0,0.0,0.0
2h,h5_t0.25_raw,5,0.0,0.0,0.0
2h,h5_t0.5_voladj,1,51.2,27.2,24.0
2h,h5_t0.5_voladj,2,49.5,25.6,23.9
2h,h5_t0.5_voladj,3,48.7,24.9,23.7
2h,h5_t0.5_voladj,4,49.4,25.7,23.6
2h,h5_t0.5_voladj,5,47.9,26.1,21.7
2h,h5_t0.5_raw,1,0.0,0.0,0.0
2h,h5_t0.5_raw,2,0.0,0.0,0.0
2h,h5_t0.5_raw,3,0.0,0.0,0.0
2h,h5_t0.5_raw,4,0.0,0.0,0.0
2h,h5_t0.5_raw,5,0.0,0.0,0.0
2h,h5_t0.75_voladj,1,37.3,19.5,17.7
2h,h5_t0.75_voladj,2,35.2,18.1,17.1
2h,h5_t0.75_voladj,3,33.7,16.9,16.7
2h,h5_t0.75_voladj,4,35.4,18.1,17.4
2h,h5_t0.75_voladj,5,31.9,17.1,14.8
2h,h5_t0.75_raw,1,0.0,0.0,0.0
2h,h5_t0.75_raw,2,0.0,0.0,0.0
2h,h5_t0.75_raw,3,0.0,0.0,0.0
2h,h5_t0.75_raw,4,0.0,0.0,0.0
2h,h5_t0.75_raw,5,0.0,0.0,0.0
2h,h5_t1.0_voladj,1,28.2,14.5,13.7
2h,h5_t1.0_voladj,2,25.4,13.5,12.0
2h,h5_t1.0_voladj,3,24.3,12.0,12.2
2h,h5_t1.0_voladj,4,25.7,13.1,12.6
2h,h5_t1.0_voladj,5,21.3,11.2,10.1
2h,h5_t1.0_raw,1,0.0,0.0,0.0
2h,h5_t1.0_raw,2,0.0,0.0,0.0
2h,h5_t1.0_raw,3,0.0,0.0,0.0
2h,h5_t1.0_raw,4,0.0,0.0,0.0
2h,h5_t1.0_raw,5,0.0,0.0,0.0
2h,h6_t0.25_voladj,1,72.0,37.3,34.7
2h,h6_t0.25_voladj,2,69.6,36.0,33.6
2h,h6_t0.25_voladj,3,70.9,36.2,34.7
2h,h6_t0.25_voladj,4,72.1,36.8,35.3
2h,h6_t0.25_voladj,5,70.0,37.9,32.1
2h,h6_t0.25_raw,1,0.0,0.0,0.0
2h,h6_t0.25_raw,2,0.0,0.0,0.0
2h,h6_t0.25_raw,3,0.0,0.0,0.0
2h,h6_t0.25_raw,4,0.0,0.0,0.0
2h,h6_t0.25_raw,5,0.0,0.0,0.0
2h,h6_t0.5_voladj,1,52.9,27.7,25.2
2h,h6_t0.5_voladj,2,50.0,25.9,24.1
2h,h6_t0.5_voladj,3,48.9,24.9,24.0
2h,h6_t0.5_voladj,4,50.6,26.0,24.6
2h,h6_t0.5_voladj,5,48.1,26.3,21.8
2h,h6_t0.5_raw,1,0.0,0.0,0.0
2h,h6_t0.5_raw,2,0.0,0.0,0.0
2h,h6_t0.5_raw,3,0.0,0.0,0.0
2h,h6_t0.5_raw,4,0.0,0.0,0.0
2h,h6_t0.5_raw,5,0.0,0.0,0.0
2h,h6_t0.75_voladj,1,38.9,20.3,18.6
2h,h6_t0.75_voladj,2,36.1,18.7,17.5
2h,h6_t0.75_voladj,3,34.8,17.5,17.3
2h,h6_t0.75_voladj,4,36.0,18.4,17.6
2h,h6_t0.75_voladj,5,31.9,17.4,14.5
2h,h6_t0.75_raw,1,0.0,0.0,0.0
2h,h6_t0.75_raw,2,0.0,0.0,0.0
2h,h6_t0.75_raw,3,0.0,0.0,0.0
2h,h6_t0.75_raw,4,0.0,0.0,0.0
2h,h6_t0.75_raw,5,0.0,0.0,0.0
2h,h6_t1.0_voladj,1,29.0,15.1,13.9
2h,h6_t1.0_voladj,2,26.5,13.8,12.7
2h,h6_t1.0_voladj,3,24.5,12.4,12.1
2h,h6_t1.0_voladj,4,25.9,13.4,12.5
2h,h6_t1.0_voladj,5,21.1,11.4,9.7
2h,h6_t1.0_raw,1,0.0,0.0,0.0
2h,h6_t1.0_raw,2,0.0,0.0,0.0
2h,h6_t1.0_raw,3,0.0,0.0,0.0
2h,h6_t1.0_raw,4,0.0,0.0,0.0
2h,h6_t1.0_raw,5,0.0,0.0,0.0
4h,h1_t0.25_voladj,1,69.9,36.4,33.5
4h,h1_t0.25_voladj,2,68.1,35.2,32.9
4h,h1_t0.25_voladj,3,70.6,35.9,34.6
4h,h1_t0.25_voladj,4,69.5,35.9,33.6
4h,h1_t0.25_voladj,5,71.7,37.4,34.3
4h,h1_t0.25_raw,1,0.0,0.0,0.0
4h,h1_t0.25_raw,2,0.0,0.0,0.0
4h,h1_t0.25_raw,3,0.0,0.0,0.0
4h,h1_t0.25_raw,4,0.0,0.0,0.0
4h,h1_t0.25_raw,5,0.0,0.0,0.0
4h,h1_t0.5_voladj,1,48.1,25.0,23.0
4h,h1_t0.5_voladj,2,46.6,24.1,22.5
4h,h1_t0.5_voladj,3,47.0,23.7,23.3
4h,h1_t0.5_voladj,4,46.6,24.2,22.4
4h,h1_t0.5_voladj,5,49.4,26.2,23.2
4h,h1_t0.5_raw,1,0.0,0.0,0.0
4h,h1_t0.5_raw,2,0.0,0.0,0.0
4h,h1_t0.5_raw,3,0.0,0.0,0.0
4h,h1_t0.5_raw,4,0.0,0.0,0.0
4h,h1_t0.5_raw,5,0.0,0.0,0.0
4h,h1_t0.75_voladj,1,33.1,16.9,16.1
4h,h1_t0.75_voladj,2,31.1,15.7,15.4
4h,h1_t0.75_voladj,3,32.7,16.4,16.2
4h,h1_t0.75_voladj,4,32.2,16.7,15.6
4h,h1_t0.75_voladj,5,33.9,18.5,15.4
4h,h1_t0.75_raw,1,0.0,0.0,0.0
4h,h1_t0.75_raw,2,0.0,0.0,0.0
4h,h1_t0.75_raw,3,0.0,0.0,0.0
4h,h1_t0.75_raw,4,0.0,0.0,0.0
4h,h1_t0.75_raw,5,0.0,0.0,0.0
4h,h1_t1.0_voladj,1,22.9,12.1,10.7
4h,h1_t1.0_voladj,2,21.4,10.5,10.9
4h,h1_t1.0_voladj,3,22.9,11.2,11.7
4h,h1_t1.0_voladj,4,22.4,12.0,10.4
4h,h1_t1.0_voladj,5,23.2,12.4,10.8
4h,h1_t1.0_raw,1,0.0,0.0,0.0
4h,h1_t1.0_raw,2,0.0,0.0,0.0
4h,h1_t1.0_raw,3,0.0,0.0,0.0
4h,h1_t1.0_raw,4,0.0,0.0,0.0
4h,h1_t1.0_raw,5,0.0,0.0,0.0
4h,h2_t0.25_voladj,1,71.2,37.0,34.2
4h,h2_t0.25_voladj,2,70.3,36.5,33.8
4h,h2_t0.25_voladj,3,69.4,35.3,34.2
4h,h2_t0.25_voladj,4,68.5,35.4,33.1
4h,h2_t0.25_voladj,5,71.2,37.9,33.3
4h,h2_t0.25_raw,1,0.0,0.0,0.0
4h,h2_t0.25_raw,2,0.0,0.0,0.0
4h,h2_t0.25_raw,3,0.0,0.0,0.0
4h,h2_t0.25_raw,4,0.0,0.0,0.0
4h,h2_t0.25_raw,5,0.0,0.0,0.0
4h,h2_t0.5_voladj,1,50.0,26.7,23.3
4h,h2_t0.5_voladj,2,48.1,24.7,23.4
4h,h2_t0.5_voladj,3,47.9,24.3,23.6
4h,h2_t0.5_voladj,4,46.7,24.6,22.1
4h,h2_t0.5_voladj,5,48.8,26.8,21.9
4h,h2_t0.5_raw,1,0.0,0.0,0.0
4h,h2_t0.5_raw,2,0.0,0.0,0.0
4h,h2_t0.5_raw,3,0.0,0.0,0.0
4h,h2_t0.5_raw,4,0.0,0.0,0.0
4h,h2_t0.5_raw,5,0.0,0.0,0.0
4h,h2_t0.75_voladj,1,36.1,18.9,17.2
4h,h2_t0.75_voladj,2,34.3,17.2,17.1
4h,h2_t0.75_voladj,3,33.2,16.9,16.3
4h,h2_t0.75_voladj,4,32.2,17.2,15.0
4h,h2_t0.75_voladj,5,32.5,18.0,14.4
4h,h2_t0.75_raw,1,0.0,0.0,0.0
4h,h2_t0.75_raw,2,0.0,0.0,0.0
4h,h2_t0.75_raw,3,0.0,0.0,0.0
4h,h2_t0.75_raw,4,0.0,0.0,0.0
4h,h2_t0.75_raw,5,0.0,0.0,0.0
4h,h2_t1.0_voladj,1,26.4,13.6,12.8
4h,h2_t1.0_voladj,2,24.6,12.3,12.3
4h,h2_t1.0_voladj,3,23.5,11.9,11.6
4h,h2_t1.0_voladj,4,22.6,11.7,10.9
4h,h2_t1.0_voladj,5,22.1,11.9,10.1
4h,h2_t1.0_raw,1,0.0,0.0,0.0
4h,h2_t1.0_raw,2,0.0,0.0,0.0
4h,h2_t1.0_raw,3,0.0,0.0,0.0
4h,h2_t1.0_raw,4,0.0,0.0,0.0
4h,h2_t1.0_raw,5,0.0,0.0,0.0
4h,h3_t0.25_voladj,1,72.0,37.5,34.5
4h,h3_t0.25_voladj,2,70.9,35.2,35.8
4h,h3_t0.25_voladj,3,71.4,35.7,35.7
4h,h3_t0.25_voladj,4,69.2,36.7,32.5
4h,h3_t0.25_voladj,5,71.4,38.5,32.9
4h,h3_t0.25_raw,1,0.0,0.0,0.0
4h,h3_t0.25_raw,2,0.0,0.0,0.0
4h,h3_t0.25_raw,3,0.0,0.0,0.0
4h,h3_t0.25_raw,4,0.0,0.0,0.0
4h,h3_t0.25_raw,5,0.0,0.0,0.0
4h,h3_t0.5_voladj,1,52.1,28.0,24.1
4h,h3_t0.5_voladj,2,51.6,25.7,26.0
4h,h3_t0.5_voladj,3,48.4,24.8,23.6
4h,h3_t0.5_voladj,4,47.4,25.1,22.3
4h,h3_t0.5_voladj,5,48.4,27.2,21.2
4h,h3_t0.5_raw,1,0.0,0.0,0.0
4h,h3_t0.5_raw,2,0.0,0.0,0.0
4h,h3_t0.5_raw,3,0.0,0.0,0.0
4h,h3_t0.5_raw,4,0.0,0.0,0.0
4h,h3_t0.5_raw,5,0.0,0.0,0.0
4h,h3_t0.75_voladj,1,38.4,20.3,18.1
4h,h3_t0.75_voladj,2,36.7,18.3,18.4
4h,h3_t0.75_voladj,3,34.3,17.4,16.9
4h,h3_t0.75_voladj,4,33.5,17.4,16.1
4h,h3_t0.75_voladj,5,33.5,19.0,14.5
4h,h3_t0.75_raw,1,0.0,0.0,0.0
4h,h3_t0.75_raw,2,0.0,0.0,0.0
4h,h3_t0.75_raw,3,0.0,0.0,0.0
4h,h3_t0.75_raw,4,0.0,0.0,0.0
4h,h3_t0.75_raw,5,0.0,0.0,0.0
4h,h3_t1.0_voladj,1,28.4,15.2,13.2
4h,h3_t1.0_voladj,2,27.0,13.6,13.4
4h,h3_t1.0_voladj,3,24.3,12.2,12.0
4h,h3_t1.0_voladj,4,23.8,12.5,11.3
4h,h3_t1.0_voladj,5,21.7,12.3,9.4
4h,h3_t1.0_raw,1,0.0,0.0,0.0
4h,h3_t1.0_raw,2,0.0,0.0,0.0
4h,h3_t1.0_raw,3,0.0,0.0,0.0
4h,h3_t1.0_raw,4,0.0,0.0,0.0
4h,h3_t1.0_raw,5,0.0,0.0,0.0
4h,h4_t0.25_voladj,1,72.0,37.9,34.0
4h,h4_t0.25_voladj,2,73.2,36.3,36.9
4h,h4_t0.25_voladj,3,71.2,35.6,35.6
4h,h4_t0.25_voladj,4,70.5,38.0,32.6
4h,h4_t0.25_voladj,5,72.2,39.6,32.6
4h,h4_t0.25_raw,1,0.0,0.0,0.0
4h,h4_t0.25_raw,2,0.0,0.0,0.0
4h,h4_t0.25_raw,3,0.0,0.0,0.0
4h,h4_t0.25_raw,4,0.0,0.0,0.0
4h,h4_t0.25_raw,5,0.0,0.0,0.0
4h,h4_t0.5_voladj,1,53.5,28.7,24.8
4h,h4_t0.5_voladj,2,52.4,26.2,26.2
4h,h4_t0.5_voladj,3,50.7,25.5,25.2
4h,h4_t0.5_voladj,4,49.1,26.5,22.6
4h,h4_t0.5_voladj,5,49.6,27.6,22.1
4h,h4_t0.5_raw,1,0.0,0.0,0.0
4h,h4_t0.5_raw,2,0.0,0.0,0.0
4h,h4_t0.5_raw,3,0.0,0.0,0.0
4h,h4_t0.5_raw,4,0.0,0.0,0.0
4h,h4_t0.5_raw,5,0.0,0.0,0.0
4h,h4_t0.75_voladj,1,39.9,21.8,18.1
4h,h4_t0.75_voladj,2,38.5,19.4,19.1
4h,h4_t0.75_voladj,3,35.7,17.7,18.0
4h,h4_t0.75_voladj,4,35.2,18.8,16.3
4h,h4_t0.75_voladj,5,31.7,17.9,13.8
4h,h4_t0.75_raw,1,0.0,0.0,0.0
4h,h4_t0.75_raw,2,0.0,0.0,0.0
4h,h4_t0.75_raw,3,0.0,0.0,0.0
4h,h4_t0.75_raw,4,0.0,0.0,0.0
4h,h4_t0.75_raw,5,0.0,0.0,0.0
4h,h4_t1.0_voladj,1,30.2,17.2,13.0
4h,h4_t1.0_voladj,2,29.2,14.9,14.3
4h,h4_t1.0_voladj,3,24.4,11.9,12.5
4h,h4_t1.0_voladj,4,24.3,13.1,11.2
4h,h4_t1.0_voladj,5,21.9,12.4,9.5
4h,h4_t1.0_raw,1,0.0,0.0,0.0
4h,h4_t1.0_raw,2,0.0,0.0,0.0
4h,h4_t1.0_raw,3,0.0,0.0,0.0
4h,h4_t1.0_raw,4,0.0,0.0,0.0
4h,h4_t1.0_raw,5,0.0,0.0,0.0
4h,h5_t0.25_voladj,1,72.9,38.4,34.5
4h,h5_t0.25_voladj,2,72.7,36.2,36.5
4h,h5_t0.25_voladj,3,71.2,35.9,35.4
4h,h5_t0.25_voladj,4,70.9,37.7,33.2
4h,h5_t0.25_voladj,5,71.4,39.2,32.2
4h,h5_t0.25_raw,1,0.0,0.0,0.0
4h,h5_t0.25_raw,2,0.0,0.0,0.0
4h,h5_t0.25_raw,3,0.0,0.0,0.0
4h,h5_t0.25_raw,4,0.0,0.0,0.0
4h,h5_t0.25_raw,5,0.1,0.0,0.1
4h,h5_t0.5_voladj,1,55.1,29.7,25.4
4h,h5_t0.5_voladj,2,53.7,26.4,27.3
4h,h5_t0.5_voladj,3,52.3,25.9,26.4
4h,h5_t0.5_voladj,4,50.6,27.6,23.0
4h,h5_t0.5_voladj,5,49.7,28.0,21.6
4h,h5_t0.5_raw,1,0.0,0.0,0.0
4h,h5_t0.5_raw,2,0.0,0.0,0.0
4h,h5_t0.5_raw,3,0.0,0.0,0.0
4h,h5_t0.5_raw,4,0.0,0.0,0.0
4h,h5_t0.5_raw,5,0.0,0.0,0.0
4h,h5_t0.75_voladj,1,41.4,22.7,18.7
4h,h5_t0.75_voladj,2,39.9,20.2,19.7
4h,h5_t0.75_voladj,3,36.6,18.1,18.5
4h,h5_t0.75_voladj,4,35.4,19.0,16.4
4h,h5_t0.75_voladj,5,33.2,18.9,14.2
4h,h5_t0.75_raw,1,0.0,0.0,0.0
4h,h5_t0.75_raw,2,0.0,0.0,0.0
4h,h5_t0.75_raw,3,0.0,0.0,0.0
4h,h5_t0.75_raw,4,0.0,0.0,0.0
4h,h5_t0.75_raw,5,0.0,0.0,0.0
4h,h5_t1.0_voladj,1,30.7,17.3,13.4
4h,h5_t1.0_voladj,2,30.6,15.4,15.2
4h,h5_t1.0_voladj,3,24.6,11.9,12.7
4h,h5_t1.0_voladj,4,24.5,13.0,11.5
4h,h5_t1.0_voladj,5,23.1,13.7,9.4
4h,h5_t1.0_raw,1,0.0,0.0,0.0
4h,h5_t1.0_raw,2,0.0,0.0,0.0
4h,h5_t1.0_raw,3,0.0,0.0,0.0
4h,h5_t1.0_raw,4,0.0,0.0,0.0
4h,h5_t1.0_raw,5,0.0,0.0,0.0
4h,h6_t0.25_voladj,1,73.5,38.9,34.6
4h,h6_t0.25_voladj,2,73.6,37.2,36.4
4h,h6_t0.25_voladj,3,73.6,37.0,36.6
4h,h6_t0.25_voladj,4,71.8,38.1,33.7
4h,h6_t0.25_voladj,5,72.1,40.1,32.0
4h,h6_t0.25_raw,1,0.0,0.0,0.0
4h,h6_t0.25_raw,2,0.0,0.0,0.0
4h,h6_t0.25_raw,3,0.0,0.0,0.0
4h,h6_t0.25_raw,4,0.0,0.0,0.0
4h,h6_t0.25_raw,5,0.1,0.0,0.1
4h,h6_t0.5_voladj,1,55.3,29.9,25.4
4h,h6_t0.5_voladj,2,54.6,26.9,27.7
4h,h6_t0.5_voladj,3,53.2,26.6,26.6
4h,h6_t0.5_voladj,4,50.7,27.1,23.6
4h,h6_t0.5_voladj,5,49.9,28.3,21.6
4h,h6_t0.5_raw,1,0.0,0.0,0.0
4h,h6_t0.5_raw,2,0.0,0.0,0.0
4h,h6_t0.5_raw,3,0.0,0.0,0.0
4h,h6_t0.5_raw,4,0.0,0.0,0.0
4h,h6_t0.5_raw,5,0.0,0.0,0.0
4h,h6_t0.75_voladj,1,42.4,23.5,18.9
4h,h6_t0.75_voladj,2,40.7,20.6,20.1
4h,h6_t0.75_voladj,3,37.0,17.6,19.4
4h,h6_t0.75_voladj,4,35.3,19.2,16.2
4h,h6_t0.75_voladj,5,34.2,19.7,14.5
4h,h6_t0.75_raw,1,0.0,0.0,0.0
4h,h6_t0.75_raw,2,0.0,0.0,0.0
4h,h6_t0.75_raw,3,0.0,0.0,0.0
4h,h6_t0.75_raw,4,0.0,0.0,0.0
4h,h6_t0.75_raw,5,0.0,0.0,0.0
4h,h6_t1.0_voladj,1,32.1,18.6,13.5
4h,h6_t1.0_voladj,2,31.7,15.8,15.9
4h,h6_t1.0_voladj,3,25.3,12.4,12.9
4h,h6_t1.0_voladj,4,24.2,13.1,11.0
4h,h6_t1.0_voladj,5,23.0,13.7,9.2
4h,h6_t1.0_raw,1,0.0,0.0,0.0
4h,h6_t1.0_raw,2,0.0,0.0,0.0
4h,h6_t1.0_raw,3,0.0,0.0,0.0
4h,h6_t1.0_raw,4,0.0,0.0,0.0
4h,h6_t1.0_raw,5,0.0,0.0,0.0
